"campaignid","sample","family","genus","species","code","count"
"2022-05_PtCloates_stereo-BRUVS","1","Balistidae","Abalistes","filamentosus","37465089",3
"2022-05_PtCloates_stereo-BRUVS","1","Carangidae","Carangoides","fulvoguttatus","37337037",18
"2022-05_PtCloates_stereo-BRUVS","1","Carangidae","Decapterus","spp",NA,4
"2022-05_PtCloates_stereo-BRUVS","1","Lethrinidae","Gymnocranius","sp1",NA,2
"2022-05_PtCloates_stereo-BRUVS","1","Lethrinidae","Lethrinus","rubrioperculatus","37351012",1
"2022-05_PtCloates_stereo-BRUVS","1","Lutjanidae","Pristipomoides","sp1",NA,9
"2022-05_PtCloates_stereo-BRUVS","1","Sparidae","Argyrops","spinifer","37353006",3
"2022-05_PtCloates_stereo-BRUVS","1","Sus","Sus","sus","2",2
"2022-05_PtCloates_stereo-BRUVS","11","Carangidae","Carangoides","gymnostethus","37337022",2
"2022-05_PtCloates_stereo-BRUVS","11","Carcharhinidae","Carcharhinus","albimarginatus","37018027",1
"2022-05_PtCloates_stereo-BRUVS","11","Lethrinidae","Gymnocranius","sp1",NA,6
"2022-05_PtCloates_stereo-BRUVS","11","Lethrinidae","Lethrinus","miniatus","37351009",3
"2022-05_PtCloates_stereo-BRUVS","11","Lethrinidae","Lethrinus","nebulosus","37351008",1
"2022-05_PtCloates_stereo-BRUVS","11","Lethrinidae","Lethrinus","rubrioperculatus","37351012",3
"2022-05_PtCloates_stereo-BRUVS","11","Sparidae","Argyrops","spinifer","37353006",1
"2022-05_PtCloates_stereo-BRUVS","11","Sus","Sus","sus","2",2
"2022-05_PtCloates_stereo-BRUVS","12","Balistidae","Abalistes","stellatus","37465011",1
"2022-05_PtCloates_stereo-BRUVS","12","Carangidae","Carangoides","fulvoguttatus","37337037",1
"2022-05_PtCloates_stereo-BRUVS","12","Carangidae","Seriola","dumerili","37337025",1
"2022-05_PtCloates_stereo-BRUVS","12","Labridae","Choerodon","sp1",NA,4
"2022-05_PtCloates_stereo-BRUVS","12","Labridae","Suezichthys","cyanolaemus","37384161",1
"2022-05_PtCloates_stereo-BRUVS","12","Lethrinidae","Gymnocranius","euanus","37351022",1
"2022-05_PtCloates_stereo-BRUVS","12","Lethrinidae","Gymnocranius","sp1",NA,1
"2022-05_PtCloates_stereo-BRUVS","12","Lethrinidae","Lethrinus","rubrioperculatus","37351012",3
"2022-05_PtCloates_stereo-BRUVS","12","Lutjanidae","Lutjanus","sebae","37346004",1
"2022-05_PtCloates_stereo-BRUVS","12","Lutjanidae","Pristipomoides","sp1",NA,4
"2022-05_PtCloates_stereo-BRUVS","12","Nemipteridae","Pentapodus","nagasakiensis","37347012",8
"2022-05_PtCloates_stereo-BRUVS","12","Pinguipedidae","Parapercis","nebulosa","37390005",1
"2022-05_PtCloates_stereo-BRUVS","12","Sparidae","Argyrops","spinifer","37353006",2
"2022-05_PtCloates_stereo-BRUVS","12","Sus","Sus","sus","2",2
"2022-05_PtCloates_stereo-BRUVS","13","Carangidae","Carangoides","chrysophrys","37337011",6
"2022-05_PtCloates_stereo-BRUVS","13","Carangidae","Decapterus","spp",NA,2
"2022-05_PtCloates_stereo-BRUVS","13","Cirrhitidae","Cirrhitichthys","aprinus","37374001",2
"2022-05_PtCloates_stereo-BRUVS","13","Haemulidae","Diagramma","pictum labiosum","37350003",1
"2022-05_PtCloates_stereo-BRUVS","13","Lethrinidae","Gymnocranius","euanus","37351022",1
"2022-05_PtCloates_stereo-BRUVS","13","Lethrinidae","Gymnocranius","sp1",NA,4
"2022-05_PtCloates_stereo-BRUVS","13","Lethrinidae","Lethrinus","rubrioperculatus","37351012",1
"2022-05_PtCloates_stereo-BRUVS","13","Lutjanidae","Lutjanus","sebae","37346004",1
"2022-05_PtCloates_stereo-BRUVS","13","Lutjanidae","Pristipomoides","sp1",NA,1
"2022-05_PtCloates_stereo-BRUVS","13","Sparidae","Argyrops","spinifer","37353006",1
"2022-05_PtCloates_stereo-BRUVS","14","Carangidae","Carangoides","chrysophrys","37337011",1
"2022-05_PtCloates_stereo-BRUVS","14","Echeneidae","Echeneis","naucrates","37336001",1
"2022-05_PtCloates_stereo-BRUVS","14","Lethrinidae","Gymnocranius","sp1",NA,2
"2022-05_PtCloates_stereo-BRUVS","14","Lethrinidae","Lethrinus","rubrioperculatus","37351012",1
"2022-05_PtCloates_stereo-BRUVS","14","Lutjanidae","Pristipomoides","sp1",NA,1
"2022-05_PtCloates_stereo-BRUVS","14","Sparidae","Argyrops","spinifer","37353006",1
"2022-05_PtCloates_stereo-BRUVS","15","Carangidae","Carangoides","chrysophrys","37337011",1
"2022-05_PtCloates_stereo-BRUVS","15","Carangidae","Carangoides","gymnostethus","37337022",24
"2022-05_PtCloates_stereo-BRUVS","15","Carangidae","Gnathanodon","speciosus","37337012",1
"2022-05_PtCloates_stereo-BRUVS","15","Carangidae","Seriola","dumerili","37337025",1
"2022-05_PtCloates_stereo-BRUVS","15","Echeneidae","Echeneis","naucrates","37336001",1
"2022-05_PtCloates_stereo-BRUVS","15","Lethrinidae","Gymnocranius","euanus","37351022",1
"2022-05_PtCloates_stereo-BRUVS","15","Lethrinidae","Gymnocranius","sp1",NA,3
"2022-05_PtCloates_stereo-BRUVS","15","Lethrinidae","Lethrinus","miniatus","37351009",3
"2022-05_PtCloates_stereo-BRUVS","15","Lethrinidae","Lethrinus","rubrioperculatus","37351012",3
"2022-05_PtCloates_stereo-BRUVS","15","Lutjanidae","Aphareus","rutilans","37346001",1
"2022-05_PtCloates_stereo-BRUVS","15","Lutjanidae","Pristipomoides","sp1",NA,1
"2022-05_PtCloates_stereo-BRUVS","15","Monacanthidae","Unknown","spp",NA,1
"2022-05_PtCloates_stereo-BRUVS","15","Pinguipedidae","Parapercis","nebulosa","37390005",4
"2022-05_PtCloates_stereo-BRUVS","16","Balistidae","Abalistes","filamentosus","37465089",1
"2022-05_PtCloates_stereo-BRUVS","16","Carangidae","Carangoides","chrysophrys","37337011",1
"2022-05_PtCloates_stereo-BRUVS","16","Carangidae","Carangoides","fulvoguttatus","37337037",2
"2022-05_PtCloates_stereo-BRUVS","16","Carangidae","Carangoides","gymnostethus","37337022",4
"2022-05_PtCloates_stereo-BRUVS","16","Carangidae","Decapterus","spp",NA,11
"2022-05_PtCloates_stereo-BRUVS","16","Echeneidae","Echeneis","naucrates","37336001",2
"2022-05_PtCloates_stereo-BRUVS","16","Lethrinidae","Gymnocranius","sp1",NA,3
"2022-05_PtCloates_stereo-BRUVS","16","Lethrinidae","Lethrinus","rubrioperculatus","37351012",3
"2022-05_PtCloates_stereo-BRUVS","16","Lutjanidae","Pristipomoides","sp1",NA,7
"2022-05_PtCloates_stereo-BRUVS","16","Rhynchobatidae","Rhynchobatus","laevis","37026003",1
"2022-05_PtCloates_stereo-BRUVS","16","Sparidae","Argyrops","spinifer","37353006",2
"2022-05_PtCloates_stereo-BRUVS","16","Triakidae","Mustelus","stevensi","37017012",1
"2022-05_PtCloates_stereo-BRUVS","17","Acanthuridae","Naso","hexacanthus","37437028",6
"2022-05_PtCloates_stereo-BRUVS","17","Carangidae","Carangoides","fulvoguttatus","37337037",1
"2022-05_PtCloates_stereo-BRUVS","17","Cirrhitidae","Cirrhitichthys","aprinus","37374001",2
"2022-05_PtCloates_stereo-BRUVS","17","Cirrhitidae","Paracirrhites","forsteri","37374010",5
"2022-05_PtCloates_stereo-BRUVS","17","Lethrinidae","Gymnocranius","euanus","37351022",1
"2022-05_PtCloates_stereo-BRUVS","17","Lethrinidae","Gymnocranius","sp1",NA,1
"2022-05_PtCloates_stereo-BRUVS","17","Lethrinidae","Lethrinus","miniatus","37351009",2
"2022-05_PtCloates_stereo-BRUVS","17","Lethrinidae","Lethrinus","rubrioperculatus","37351012",3
"2022-05_PtCloates_stereo-BRUVS","17","Mullidae","Upeneus","moluccensis","37355003",12
"2022-05_PtCloates_stereo-BRUVS","17","Nemipteridae","Pentapodus","nagasakiensis","37347012",1
"2022-05_PtCloates_stereo-BRUVS","17","Pinguipedidae","Parapercis","nebulosa","37390005",1
"2022-05_PtCloates_stereo-BRUVS","17","Scombridae","Scomberomorus","spp",NA,1
"2022-05_PtCloates_stereo-BRUVS","17","Sus","Sus","sus","2",28
"2022-05_PtCloates_stereo-BRUVS","18","Carangidae","Carangoides","chrysophrys","37337011",3
"2022-05_PtCloates_stereo-BRUVS","18","Carangidae","Carangoides","fulvoguttatus","37337037",1
"2022-05_PtCloates_stereo-BRUVS","18","Carangidae","Decapterus","spp",NA,12
"2022-05_PtCloates_stereo-BRUVS","18","Labridae","Coris","caudimacula","37384092",1
"2022-05_PtCloates_stereo-BRUVS","18","Lethrinidae","Gymnocranius","sp1",NA,4
"2022-05_PtCloates_stereo-BRUVS","18","Lethrinidae","Lethrinus","miniatus","37351009",2
"2022-05_PtCloates_stereo-BRUVS","18","Lethrinidae","Lethrinus","nebulosus","37351008",2
"2022-05_PtCloates_stereo-BRUVS","18","Lethrinidae","Lethrinus","rubrioperculatus","37351012",1
"2022-05_PtCloates_stereo-BRUVS","18","Lutjanidae","Lutjanus","sebae","37346004",1
"2022-05_PtCloates_stereo-BRUVS","18","Lutjanidae","Pristipomoides","sp1",NA,6
"2022-05_PtCloates_stereo-BRUVS","18","Nemipteridae","Pentapodus","nagasakiensis","37347012",4
"2022-05_PtCloates_stereo-BRUVS","18","Pinguipedidae","Parapercis","nebulosa","37390005",1
"2022-05_PtCloates_stereo-BRUVS","18","Sparidae","Argyrops","spinifer","37353006",2
"2022-05_PtCloates_stereo-BRUVS","19","Carangidae","Carangoides","chrysophrys","37337011",1
"2022-05_PtCloates_stereo-BRUVS","19","Carangidae","Decapterus","spp",NA,1
"2022-05_PtCloates_stereo-BRUVS","19","Carcharhinidae","Carcharhinus","albimarginatus","37018027",1
"2022-05_PtCloates_stereo-BRUVS","19","Chaetodontidae","Heniochus","acuminatus","37365011",3
"2022-05_PtCloates_stereo-BRUVS","19","Lethrinidae","Gymnocranius","euanus","37351022",1
"2022-05_PtCloates_stereo-BRUVS","19","Lethrinidae","Lethrinus","miniatus","37351009",3
"2022-05_PtCloates_stereo-BRUVS","19","Lethrinidae","Lethrinus","rubrioperculatus","37351012",2
"2022-05_PtCloates_stereo-BRUVS","19","Nemipteridae","Pentapodus","nagasakiensis","37347012",4
"2022-05_PtCloates_stereo-BRUVS","19","Pinguipedidae","Parapercis","nebulosa","37390005",1
"2022-05_PtCloates_stereo-BRUVS","19","Pomacanthidae","Pomacanthus","semicirculatus","37365080",2
"2022-05_PtCloates_stereo-BRUVS","19","Sus","Sus","sus","2",2
"2022-05_PtCloates_stereo-BRUVS","19","Unknown","Unknown","spp","0",1
"2022-05_PtCloates_stereo-BRUVS","2","Acanthuridae","Naso","hexacanthus","37437028",21
"2022-05_PtCloates_stereo-BRUVS","2","Balistidae","Pseudobalistes","fuscus","37465027",1
"2022-05_PtCloates_stereo-BRUVS","2","Balistidae","Sufflamen","fraenatum","37465014",1
"2022-05_PtCloates_stereo-BRUVS","2","Balistidae","Unknown","spp",NA,1
"2022-05_PtCloates_stereo-BRUVS","2","Carangidae","Carangoides","chrysophrys","37337011",1
"2022-05_PtCloates_stereo-BRUVS","2","Carangidae","Decapterus","spp",NA,4
"2022-05_PtCloates_stereo-BRUVS","2","Carcharhinidae","Carcharhinus","albimarginatus","37018027",1
"2022-05_PtCloates_stereo-BRUVS","2","Chaetodontidae","Heniochus","acuminatus","37365011",2
"2022-05_PtCloates_stereo-BRUVS","2","Cirrhitidae","Paracirrhites","forsteri","37374010",2
"2022-05_PtCloates_stereo-BRUVS","2","Haemulidae","Diagramma","pictum labiosum","37350003",1
"2022-05_PtCloates_stereo-BRUVS","2","Labridae","Bodianus","solatus","37384201",2
"2022-05_PtCloates_stereo-BRUVS","2","Labridae","Choerodon","sp1",NA,1
"2022-05_PtCloates_stereo-BRUVS","2","Labridae","Unknown","spp",NA,1
"2022-05_PtCloates_stereo-BRUVS","2","Lethrinidae","Gymnocranius","euanus","37351022",1
"2022-05_PtCloates_stereo-BRUVS","2","Lethrinidae","Gymnocranius","sp1",NA,1
"2022-05_PtCloates_stereo-BRUVS","2","Lethrinidae","Lethrinus","miniatus","37351009",2
"2022-05_PtCloates_stereo-BRUVS","2","Lethrinidae","Lethrinus","rubrioperculatus","37351012",7
"2022-05_PtCloates_stereo-BRUVS","2","Malacanthidae","Malacanthus","brevirostris","37331009",1
"2022-05_PtCloates_stereo-BRUVS","2","Malacanthidae","Malacanthus","latovittatus","37331010",2
"2022-05_PtCloates_stereo-BRUVS","2","Pomacanthidae","Apolemichthys","trimaculatus","37365016",1
"2022-05_PtCloates_stereo-BRUVS","2","Pomacanthidae","Pomacanthus","imperator","37365014",1
"2022-05_PtCloates_stereo-BRUVS","2","Pomacanthidae","Pomacanthus","semicirculatus","37365080",1
"2022-05_PtCloates_stereo-BRUVS","2","Scaridae","Scarus","ghobban","37386001",1
"2022-05_PtCloates_stereo-BRUVS","2","Scaridae","Scarus","sp3",NA,3
"2022-05_PtCloates_stereo-BRUVS","2","Scombridae","Scomberomorus","spp",NA,1
"2022-05_PtCloates_stereo-BRUVS","2","Serranidae","Plectropomus","spp",NA,1
"2022-05_PtCloates_stereo-BRUVS","2","Serranidae","Pseudanthias","georgei","37311093",14
"2022-05_PtCloates_stereo-BRUVS","2","Serranidae","Variola","louti","37311166",1
"2022-05_PtCloates_stereo-BRUVS","2","Tetraodontidae","Arothron","stellatus","37467014",1
"2022-05_PtCloates_stereo-BRUVS","20","Carangidae","Carangoides","chrysophrys","37337011",1
"2022-05_PtCloates_stereo-BRUVS","20","Carangidae","Carangoides","fulvoguttatus","37337037",2
"2022-05_PtCloates_stereo-BRUVS","20","Carangidae","Carangoides","gymnostethus","37337022",1
"2022-05_PtCloates_stereo-BRUVS","20","Carangidae","Unknown","sp10",NA,1
"2022-05_PtCloates_stereo-BRUVS","20","Carcharhinidae","Loxodon","macrorhinus","37018005",1
"2022-05_PtCloates_stereo-BRUVS","20","Echeneidae","Echeneis","naucrates","37336001",1
"2022-05_PtCloates_stereo-BRUVS","20","Labridae","Choerodon","sp1",NA,2
"2022-05_PtCloates_stereo-BRUVS","20","Lethrinidae","Gymnocranius","euanus","37351022",1
"2022-05_PtCloates_stereo-BRUVS","20","Lethrinidae","Gymnocranius","sp1",NA,4
"2022-05_PtCloates_stereo-BRUVS","20","Lethrinidae","Lethrinus","nebulosus","37351008",2
"2022-05_PtCloates_stereo-BRUVS","20","Lethrinidae","Lethrinus","rubrioperculatus","37351012",3
"2022-05_PtCloates_stereo-BRUVS","20","Nemipteridae","Pentapodus","nagasakiensis","37347012",7
"2022-05_PtCloates_stereo-BRUVS","20","Stegostomatidae","Stegostoma","tigrinum","37013006",1
"2022-05_PtCloates_stereo-BRUVS","21","Carangidae","Carangoides","chrysophrys","37337011",3
"2022-05_PtCloates_stereo-BRUVS","21","Carcharhinidae","Carcharhinus","albimarginatus","37018027",1
"2022-05_PtCloates_stereo-BRUVS","21","Labridae","Choerodon","sp1",NA,3
"2022-05_PtCloates_stereo-BRUVS","21","Lethrinidae","Gymnocranius","euanus","37351022",2
"2022-05_PtCloates_stereo-BRUVS","21","Lethrinidae","Gymnocranius","sp1",NA,2
"2022-05_PtCloates_stereo-BRUVS","21","Lethrinidae","Lethrinus","miniatus","37351009",4
"2022-05_PtCloates_stereo-BRUVS","21","Lethrinidae","Lethrinus","rubrioperculatus","37351012",2
"2022-05_PtCloates_stereo-BRUVS","21","Nemipteridae","Pentapodus","nagasakiensis","37347012",8
"2022-05_PtCloates_stereo-BRUVS","21","Pinguipedidae","Parapercis","nebulosa","37390005",3
"2022-05_PtCloates_stereo-BRUVS","22","Balistidae","Sufflamen","fraenatum","37465014",2
"2022-05_PtCloates_stereo-BRUVS","22","Carangidae","Decapterus","spp",NA,2
"2022-05_PtCloates_stereo-BRUVS","22","Cirrhitidae","Paracirrhites","forsteri","37374010",1
"2022-05_PtCloates_stereo-BRUVS","22","Fistulariidae","Fistularia","commersonii","37278001",1
"2022-05_PtCloates_stereo-BRUVS","22","Labridae","Bodianus","solatus","37384201",3
"2022-05_PtCloates_stereo-BRUVS","22","Labridae","Choerodon","sp1",NA,2
"2022-05_PtCloates_stereo-BRUVS","22","Labridae","Coris","caudimacula","37384092",1
"2022-05_PtCloates_stereo-BRUVS","22","Labridae","Oxycheilinus","orientalis","37384030",2
"2022-05_PtCloates_stereo-BRUVS","22","Lethrinidae","Lethrinus","miniatus","37351009",13
"2022-05_PtCloates_stereo-BRUVS","22","Lethrinidae","Lethrinus","nebulosus","37351008",1
"2022-05_PtCloates_stereo-BRUVS","22","Lethrinidae","Lethrinus","ravus","37351031",7
"2022-05_PtCloates_stereo-BRUVS","22","Lethrinidae","Lethrinus","rubrioperculatus","37351012",1
"2022-05_PtCloates_stereo-BRUVS","22","Lutjanidae","Aphareus","rutilans","37346001",3
"2022-05_PtCloates_stereo-BRUVS","22","Lutjanidae","Lutjanus","sebae","37346004",1
"2022-05_PtCloates_stereo-BRUVS","22","Malacanthidae","Malacanthus","brevirostris","37331009",1
"2022-05_PtCloates_stereo-BRUVS","22","Mullidae","Mulloidichthys","flavolineatus","37355019",8
"2022-05_PtCloates_stereo-BRUVS","22","Nemipteridae","Pentapodus","nagasakiensis","37347012",12
"2022-05_PtCloates_stereo-BRUVS","22","Pinguipedidae","Parapercis","nebulosa","37390005",4
"2022-05_PtCloates_stereo-BRUVS","22","Serranidae","Epinephelus","tukula","37311068",1
"2022-05_PtCloates_stereo-BRUVS","22","Sus","Sus","sus","2",1
"2022-05_PtCloates_stereo-BRUVS","23","Balistidae","Abalistes","filamentosus","37465089",1
"2022-05_PtCloates_stereo-BRUVS","23","Carangidae","Carangoides","chrysophrys","37337011",2
"2022-05_PtCloates_stereo-BRUVS","23","Lethrinidae","Gymnocranius","sp1",NA,2
"2022-05_PtCloates_stereo-BRUVS","23","Lethrinidae","Lethrinus","miniatus","37351009",1
"2022-05_PtCloates_stereo-BRUVS","23","Lethrinidae","Lethrinus","rubrioperculatus","37351012",3
"2022-05_PtCloates_stereo-BRUVS","23","Lutjanidae","Pristipomoides","sp1",NA,10
"2022-05_PtCloates_stereo-BRUVS","23","Rhynchobatidae","Rhynchobatus","laevis","37026003",1
"2022-05_PtCloates_stereo-BRUVS","23","Sparidae","Argyrops","spinifer","37353006",1
"2022-05_PtCloates_stereo-BRUVS","23","Sphyraenidae","Sphyraena","spp",NA,1
"2022-05_PtCloates_stereo-BRUVS","23","Sus","Sus","sus","2",3
"2022-05_PtCloates_stereo-BRUVS","24","Balistidae","Abalistes","filamentosus","37465089",1
"2022-05_PtCloates_stereo-BRUVS","24","Carangidae","Carangoides","chrysophrys","37337011",1
"2022-05_PtCloates_stereo-BRUVS","24","Carangidae","Carangoides","fulvoguttatus","37337037",1
"2022-05_PtCloates_stereo-BRUVS","24","Carangidae","Seriola","rivoliana","37337052",1
"2022-05_PtCloates_stereo-BRUVS","24","Carangidae","Seriolina","nigrofasciata","37337014",1
"2022-05_PtCloates_stereo-BRUVS","24","Carcharhinidae","Carcharhinus","plumbeus","37018007",1
"2022-05_PtCloates_stereo-BRUVS","24","Echeneidae","Echeneis","naucrates","37336001",1
"2022-05_PtCloates_stereo-BRUVS","24","Lethrinidae","Gymnocranius","sp1",NA,4
"2022-05_PtCloates_stereo-BRUVS","24","Lethrinidae","Lethrinus","rubrioperculatus","37351012",2
"2022-05_PtCloates_stereo-BRUVS","24","Lutjanidae","Pristipomoides","sp1",NA,5
"2022-05_PtCloates_stereo-BRUVS","24","Mullidae","Parupeneus","heptacanthus","37355004",2
"2022-05_PtCloates_stereo-BRUVS","24","Nemipteridae","Pentapodus","nagasakiensis","37347012",6
"2022-05_PtCloates_stereo-BRUVS","24","Sparidae","Argyrops","spinifer","37353006",1
"2022-05_PtCloates_stereo-BRUVS","24","Unknown","Unknown","spp","0",1
"2022-05_PtCloates_stereo-BRUVS","25","Carangidae","Decapterus","spp",NA,29
"2022-05_PtCloates_stereo-BRUVS","25","Labridae","Bodianus","solatus","37384201",1
"2022-05_PtCloates_stereo-BRUVS","25","Lethrinidae","Gymnocranius","sp1",NA,4
"2022-05_PtCloates_stereo-BRUVS","25","Lethrinidae","Lethrinus","miniatus","37351009",5
"2022-05_PtCloates_stereo-BRUVS","25","Lethrinidae","Lethrinus","ravus","37351031",2
"2022-05_PtCloates_stereo-BRUVS","25","Lethrinidae","Lethrinus","rubrioperculatus","37351012",1
"2022-05_PtCloates_stereo-BRUVS","25","Lutjanidae","Pristipomoides","sp1",NA,6
"2022-05_PtCloates_stereo-BRUVS","25","Mullidae","Parupeneus","heptacanthus","37355004",5
"2022-05_PtCloates_stereo-BRUVS","25","Pinguipedidae","Parapercis","nebulosa","37390005",4
"2022-05_PtCloates_stereo-BRUVS","25","Pomacanthidae","Apolemichthys","trimaculatus","37365016",2
"2022-05_PtCloates_stereo-BRUVS","25","Serranidae","Epinephelus","areolatus","37311009",1
"2022-05_PtCloates_stereo-BRUVS","26","Carangidae","Carangoides","chrysophrys","37337011",1
"2022-05_PtCloates_stereo-BRUVS","26","Carangidae","Carangoides","fulvoguttatus","37337037",1
"2022-05_PtCloates_stereo-BRUVS","26","Carangidae","Elagatis","bipinnulata","37337029",1
"2022-05_PtCloates_stereo-BRUVS","26","Carangidae","Seriola","lalandi","37337006",1
"2022-05_PtCloates_stereo-BRUVS","26","Echeneidae","Echeneis","naucrates","37336001",1
"2022-05_PtCloates_stereo-BRUVS","26","Lethrinidae","Gymnocranius","grandoculis","37351005",1
"2022-05_PtCloates_stereo-BRUVS","26","Lethrinidae","Gymnocranius","sp1",NA,3
"2022-05_PtCloates_stereo-BRUVS","26","Lethrinidae","Lethrinus","nebulosus","37351008",1
"2022-05_PtCloates_stereo-BRUVS","26","Lethrinidae","Lethrinus","rubrioperculatus","37351012",7
"2022-05_PtCloates_stereo-BRUVS","26","Lutjanidae","Pristipomoides","sp1",NA,4
"2022-05_PtCloates_stereo-BRUVS","26","Nemipteridae","Pentapodus","nagasakiensis","37347012",1
"2022-05_PtCloates_stereo-BRUVS","26","Pinguipedidae","Parapercis","nebulosa","37390005",1
"2022-05_PtCloates_stereo-BRUVS","26","Sphyrnidae","Sphyrna","mokarran","37019002",1
"2022-05_PtCloates_stereo-BRUVS","26","Unknown","Unknown","spp","0",7
"2022-05_PtCloates_stereo-BRUVS","27","Balistidae","Sufflamen","fraenatum","37465014",1
"2022-05_PtCloates_stereo-BRUVS","27","Carangidae","Carangoides","fulvoguttatus","37337037",25
"2022-05_PtCloates_stereo-BRUVS","27","Carangidae","Carangoides","gymnostethus","37337022",1
"2022-05_PtCloates_stereo-BRUVS","27","Carangidae","Decapterus","spp",NA,1
"2022-05_PtCloates_stereo-BRUVS","27","Lethrinidae","Gymnocranius","sp1",NA,2
"2022-05_PtCloates_stereo-BRUVS","27","Lethrinidae","Lethrinus","miniatus","37351009",3
"2022-05_PtCloates_stereo-BRUVS","27","Lethrinidae","Lethrinus","rubrioperculatus","37351012",3
"2022-05_PtCloates_stereo-BRUVS","27","Lutjanidae","Lutjanus","sebae","37346004",3
"2022-05_PtCloates_stereo-BRUVS","27","Sus","Sus","sus","2",1
"2022-05_PtCloates_stereo-BRUVS","28","Acanthuridae","Naso","hexacanthus","37437028",6
"2022-05_PtCloates_stereo-BRUVS","28","Balistidae","Sufflamen","fraenatum","37465014",1
"2022-05_PtCloates_stereo-BRUVS","28","Carangidae","Carangoides","chrysophrys","37337011",1
"2022-05_PtCloates_stereo-BRUVS","28","Carangidae","Carangoides","fulvoguttatus","37337037",2
"2022-05_PtCloates_stereo-BRUVS","28","Labridae","Choerodon","sp1",NA,1
"2022-05_PtCloates_stereo-BRUVS","28","Lethrinidae","Gymnocranius","euanus","37351022",3
"2022-05_PtCloates_stereo-BRUVS","28","Lethrinidae","Gymnocranius","sp1",NA,1
"2022-05_PtCloates_stereo-BRUVS","28","Lethrinidae","Lethrinus","miniatus","37351009",5
"2022-05_PtCloates_stereo-BRUVS","28","Lethrinidae","Lethrinus","rubrioperculatus","37351012",4
"2022-05_PtCloates_stereo-BRUVS","28","Lutjanidae","Lutjanus","sebae","37346004",2
"2022-05_PtCloates_stereo-BRUVS","28","Nemipteridae","Pentapodus","nagasakiensis","37347012",6
"2022-05_PtCloates_stereo-BRUVS","28","Pinguipedidae","Parapercis","nebulosa","37390005",4
"2022-05_PtCloates_stereo-BRUVS","28","Scaridae","Scarus","ghobban","37386001",1
"2022-05_PtCloates_stereo-BRUVS","28","Sus","Sus","sus","2",2
"2022-05_PtCloates_stereo-BRUVS","28","Unknown","Unknown","spp","0",5
"2022-05_PtCloates_stereo-BRUVS","29","Acanthuridae","Naso","hexacanthus","37437028",1
"2022-05_PtCloates_stereo-BRUVS","29","Carangidae","Unknown","spp",NA,3
"2022-05_PtCloates_stereo-BRUVS","29","Labridae","Bodianus","solatus","37384201",1
"2022-05_PtCloates_stereo-BRUVS","29","Labridae","Choerodon","sp1",NA,1
"2022-05_PtCloates_stereo-BRUVS","29","Labridae","Unknown","spp",NA,1
"2022-05_PtCloates_stereo-BRUVS","29","Lethrinidae","Gymnocranius","euanus","37351022",1
"2022-05_PtCloates_stereo-BRUVS","29","Lethrinidae","Gymnocranius","sp1",NA,1
"2022-05_PtCloates_stereo-BRUVS","29","Lethrinidae","Lethrinus","miniatus","37351009",4
"2022-05_PtCloates_stereo-BRUVS","29","Lethrinidae","Lethrinus","ravus","37351031",1
"2022-05_PtCloates_stereo-BRUVS","29","Lethrinidae","Lethrinus","rubrioperculatus","37351012",2
"2022-05_PtCloates_stereo-BRUVS","29","Malacanthidae","Malacanthus","brevirostris","37331009",3
"2022-05_PtCloates_stereo-BRUVS","29","Pinguipedidae","Parapercis","nebulosa","37390005",2
"2022-05_PtCloates_stereo-BRUVS","29","Pomacanthidae","Pomacanthus","semicirculatus","37365080",2
"2022-05_PtCloates_stereo-BRUVS","29","Sparidae","Argyrops","spinifer","37353006",1
"2022-05_PtCloates_stereo-BRUVS","29","Sus","Sus","sus","2",1
"2022-05_PtCloates_stereo-BRUVS","29","Unknown","Unknown","spp",NA,2
"2022-05_PtCloates_stereo-BRUVS","3","Carangidae","Carangoides","spp",NA,1
"2022-05_PtCloates_stereo-BRUVS","3","Carangidae","Decapterus","spp",NA,3
"2022-05_PtCloates_stereo-BRUVS","3","Lethrinidae","Gymnocranius","euanus","37351022",2
"2022-05_PtCloates_stereo-BRUVS","3","Lethrinidae","Gymnocranius","sp1",NA,3
"2022-05_PtCloates_stereo-BRUVS","3","Lethrinidae","Lethrinus","rubrioperculatus","37351012",1
"2022-05_PtCloates_stereo-BRUVS","3","Microdesmidae","Ptereleotris","spp",NA,1
"2022-05_PtCloates_stereo-BRUVS","3","Nemipteridae","Pentapodus","nagasakiensis","37347012",6
"2022-05_PtCloates_stereo-BRUVS","3","Sus","Sus","sus","2",3
"2022-05_PtCloates_stereo-BRUVS","3","Unknown","Unknown","spp","0",1
"2022-05_PtCloates_stereo-BRUVS","30","Balistidae","Sufflamen","fraenatum","37465014",2
"2022-05_PtCloates_stereo-BRUVS","30","Balistidae","Xanthichthys","lineopunctatus","37465016",1
"2022-05_PtCloates_stereo-BRUVS","30","Carangidae","Carangoides","chrysophrys","37337011",1
"2022-05_PtCloates_stereo-BRUVS","30","Carangidae","Caranx","sexfasciatus","37337039",1
"2022-05_PtCloates_stereo-BRUVS","30","Carangidae","Unknown","spp",NA,1
"2022-05_PtCloates_stereo-BRUVS","30","Carcharhinidae","Carcharhinus","albimarginatus","37018027",1
"2022-05_PtCloates_stereo-BRUVS","30","Labridae","Choerodon","sp1",NA,2
"2022-05_PtCloates_stereo-BRUVS","30","Labridae","Suezichthys","cyanolaemus","37384161",2
"2022-05_PtCloates_stereo-BRUVS","30","Lethrinidae","Gymnocranius","sp1",NA,3
"2022-05_PtCloates_stereo-BRUVS","30","Lethrinidae","Lethrinus","miniatus","37351009",2
"2022-05_PtCloates_stereo-BRUVS","30","Lethrinidae","Lethrinus","rubrioperculatus","37351012",3
"2022-05_PtCloates_stereo-BRUVS","30","Lutjanidae","Lutjanus","sebae","37346004",1
"2022-05_PtCloates_stereo-BRUVS","30","Malacanthidae","Malacanthus","brevirostris","37331009",2
"2022-05_PtCloates_stereo-BRUVS","30","Pinguipedidae","Parapercis","nebulosa","37390005",1
"2022-05_PtCloates_stereo-BRUVS","30","Serranidae","Epinephelus","areolatus","37311009",3
"2022-05_PtCloates_stereo-BRUVS","31","Balistidae","Sufflamen","fraenatum","37465014",1
"2022-05_PtCloates_stereo-BRUVS","31","Carangidae","Carangoides","chrysophrys","37337011",1
"2022-05_PtCloates_stereo-BRUVS","31","Carangidae","Carangoides","fulvoguttatus","37337037",5
"2022-05_PtCloates_stereo-BRUVS","31","Lethrinidae","Gymnocranius","sp1",NA,1
"2022-05_PtCloates_stereo-BRUVS","31","Lethrinidae","Lethrinus","miniatus","37351009",1
"2022-05_PtCloates_stereo-BRUVS","31","Lethrinidae","Lethrinus","rubrioperculatus","37351012",6
"2022-05_PtCloates_stereo-BRUVS","31","Lutjanidae","Lutjanus","sebae","37346004",1
"2022-05_PtCloates_stereo-BRUVS","31","Nemipteridae","Pentapodus","nagasakiensis","37347012",3
"2022-05_PtCloates_stereo-BRUVS","31","Scaridae","Scarus","sp3",NA,1
"2022-05_PtCloates_stereo-BRUVS","31","Serranidae","Variola","louti","37311166",1
"2022-05_PtCloates_stereo-BRUVS","32","Balistidae","Abalistes","filamentosus","37465089",1
"2022-05_PtCloates_stereo-BRUVS","32","Balistidae","Sufflamen","fraenatum","37465014",1
"2022-05_PtCloates_stereo-BRUVS","32","Carangidae","Carangoides","chrysophrys","37337011",1
"2022-05_PtCloates_stereo-BRUVS","32","Carangidae","Carangoides","fulvoguttatus","37337037",2
"2022-05_PtCloates_stereo-BRUVS","32","Carcharhinidae","Loxodon","macrorhinus","37018005",1
"2022-05_PtCloates_stereo-BRUVS","32","Labridae","Coris","caudimacula","37384092",1
"2022-05_PtCloates_stereo-BRUVS","32","Lethrinidae","Gymnocranius","euanus","37351022",1
"2022-05_PtCloates_stereo-BRUVS","32","Lethrinidae","Gymnocranius","sp1",NA,4
"2022-05_PtCloates_stereo-BRUVS","32","Lethrinidae","Lethrinus","rubrioperculatus","37351012",2
"2022-05_PtCloates_stereo-BRUVS","32","Lutjanidae","Lutjanus","sebae","37346004",1
"2022-05_PtCloates_stereo-BRUVS","32","Lutjanidae","Pristipomoides","sp1",NA,1
"2022-05_PtCloates_stereo-BRUVS","32","Muraenidae","Gymnothorax","pseudothyrsoideus","37060005",1
"2022-05_PtCloates_stereo-BRUVS","32","Nemipteridae","Pentapodus","nagasakiensis","37347012",5
"2022-05_PtCloates_stereo-BRUVS","32","Unknown","Unknown","spp",NA,1
"2022-05_PtCloates_stereo-BRUVS","33","Acanthuridae","Naso","hexacanthus","37437028",1
"2022-05_PtCloates_stereo-BRUVS","33","Carangidae","Decapterus","spp",NA,5
"2022-05_PtCloates_stereo-BRUVS","33","Carcharhinidae","Carcharhinus","albimarginatus","37018027",1
"2022-05_PtCloates_stereo-BRUVS","33","Lethrinidae","Gymnocranius","euanus","37351022",1
"2022-05_PtCloates_stereo-BRUVS","33","Lethrinidae","Gymnocranius","sp1",NA,7
"2022-05_PtCloates_stereo-BRUVS","33","Lethrinidae","Lethrinus","rubrioperculatus","37351012",3
"2022-05_PtCloates_stereo-BRUVS","33","Lutjanidae","Lutjanus","sebae","37346004",1
"2022-05_PtCloates_stereo-BRUVS","33","Lutjanidae","Pristipomoides","spp",NA,2
"2022-05_PtCloates_stereo-BRUVS","33","Mullidae","Parupeneus","heptacanthus","37355004",2
"2022-05_PtCloates_stereo-BRUVS","33","Nemipteridae","Nemipterus","virgatus","37347009",1
"2022-05_PtCloates_stereo-BRUVS","33","Sparidae","Argyrops","spinifer","37353006",1
"2022-05_PtCloates_stereo-BRUVS","33","Sphyraenidae","Sphyraena","forsteri","37382005",1
"2022-05_PtCloates_stereo-BRUVS","34","Carangidae","Carangoides","chrysophrys","37337011",1
"2022-05_PtCloates_stereo-BRUVS","34","Carangidae","Carangoides","fulvoguttatus","37337037",3
"2022-05_PtCloates_stereo-BRUVS","34","Carcharhinidae","Carcharhinus","albimarginatus","37018027",1
"2022-05_PtCloates_stereo-BRUVS","34","Lethrinidae","Gymnocranius","sp1",NA,1
"2022-05_PtCloates_stereo-BRUVS","34","Lethrinidae","Lethrinus","miniatus","37351009",1
"2022-05_PtCloates_stereo-BRUVS","34","Lethrinidae","Lethrinus","rubrioperculatus","37351012",3
"2022-05_PtCloates_stereo-BRUVS","34","Lutjanidae","Pristipomoides","sp1",NA,2
"2022-05_PtCloates_stereo-BRUVS","34","Nemipteridae","Pentapodus","nagasakiensis","37347012",4
"2022-05_PtCloates_stereo-BRUVS","34","Pinguipedidae","Parapercis","nebulosa","37390005",3
"2022-05_PtCloates_stereo-BRUVS","35","Carangidae","Carangoides","chrysophrys","37337011",3
"2022-05_PtCloates_stereo-BRUVS","35","Carangidae","Carangoides","fulvoguttatus","37337037",1
"2022-05_PtCloates_stereo-BRUVS","35","Carangidae","Seriola","rivoliana","37337052",1
"2022-05_PtCloates_stereo-BRUVS","35","Carcharhinidae","Carcharhinus","albimarginatus","37018027",1
"2022-05_PtCloates_stereo-BRUVS","35","Echeneidae","Echeneis","naucrates","37336001",1
"2022-05_PtCloates_stereo-BRUVS","35","Fistulariidae","Fistularia","commersonii","37278001",1
"2022-05_PtCloates_stereo-BRUVS","35","Labridae","Choerodon","sp1",NA,1
"2022-05_PtCloates_stereo-BRUVS","35","Lethrinidae","Gymnocranius","euanus","37351022",1
"2022-05_PtCloates_stereo-BRUVS","35","Lethrinidae","Gymnocranius","sp1",NA,5
"2022-05_PtCloates_stereo-BRUVS","35","Lethrinidae","Lethrinus","miniatus","37351009",3
"2022-05_PtCloates_stereo-BRUVS","35","Lethrinidae","Lethrinus","rubrioperculatus","37351012",1
"2022-05_PtCloates_stereo-BRUVS","35","Lutjanidae","Pristipomoides","sp1",NA,5
"2022-05_PtCloates_stereo-BRUVS","35","Malacanthidae","Malacanthus","brevirostris","37331009",2
"2022-05_PtCloates_stereo-BRUVS","35","Nemipteridae","Nemipterus","spp",NA,1
"2022-05_PtCloates_stereo-BRUVS","35","Pinguipedidae","Parapercis","nebulosa","37390005",3
"2022-05_PtCloates_stereo-BRUVS","36","Carangidae","Carangoides","chrysophrys","37337011",2
"2022-05_PtCloates_stereo-BRUVS","36","Carangidae","Carangoides","fulvoguttatus","37337037",1
"2022-05_PtCloates_stereo-BRUVS","36","Carangidae","Decapterus","spp",NA,3
"2022-05_PtCloates_stereo-BRUVS","36","Labridae","Coris","caudimacula","37384092",1
"2022-05_PtCloates_stereo-BRUVS","36","Lethrinidae","Gymnocranius","euanus","37351022",1
"2022-05_PtCloates_stereo-BRUVS","36","Lethrinidae","Gymnocranius","sp1",NA,2
"2022-05_PtCloates_stereo-BRUVS","36","Lethrinidae","Lethrinus","rubrioperculatus","37351012",3
"2022-05_PtCloates_stereo-BRUVS","36","Lutjanidae","Lutjanus","sebae","37346004",1
"2022-05_PtCloates_stereo-BRUVS","36","Mullidae","Unknown","spp",NA,2
"2022-05_PtCloates_stereo-BRUVS","36","Mullidae","Upeneus","moluccensis","37355003",1
"2022-05_PtCloates_stereo-BRUVS","36","Nemipteridae","Nemipterus","spp",NA,1
"2022-05_PtCloates_stereo-BRUVS","36","Sparidae","Argyrops","spinifer","37353006",1
"2022-05_PtCloates_stereo-BRUVS","36","Sus","Sus","sus","2",1
"2022-05_PtCloates_stereo-BRUVS","37","Carangidae","Carangoides","chrysophrys","37337011",5
"2022-05_PtCloates_stereo-BRUVS","37","Carangidae","Carangoides","fulvoguttatus","37337037",5
"2022-05_PtCloates_stereo-BRUVS","37","Carcharhinidae","Carcharhinus","spp",NA,1
"2022-05_PtCloates_stereo-BRUVS","37","Echeneidae","Echeneis","naucrates","37336001",1
"2022-05_PtCloates_stereo-BRUVS","37","Lethrinidae","Gymnocranius","sp1",NA,1
"2022-05_PtCloates_stereo-BRUVS","37","Lethrinidae","Lethrinus","miniatus","37351009",4
"2022-05_PtCloates_stereo-BRUVS","37","Lethrinidae","Lethrinus","ravus","37351031",4
"2022-05_PtCloates_stereo-BRUVS","37","Lethrinidae","Lethrinus","rubrioperculatus","37351012",2
"2022-05_PtCloates_stereo-BRUVS","37","Lutjanidae","Aphareus","rutilans","37346001",1
"2022-05_PtCloates_stereo-BRUVS","37","Lutjanidae","Lutjanus","sebae","37346004",1
"2022-05_PtCloates_stereo-BRUVS","37","Nemipteridae","Pentapodus","vitta","37347022",1
"2022-05_PtCloates_stereo-BRUVS","37","Pinguipedidae","Parapercis","clathrata","37390013",1
"2022-05_PtCloates_stereo-BRUVS","37","Pinguipedidae","Parapercis","nebulosa","37390005",1
"2022-05_PtCloates_stereo-BRUVS","37","Serranidae","Plectropomus","spp",NA,2
"2022-05_PtCloates_stereo-BRUVS","37","Serranidae","Variola","louti","37311166",2
"2022-05_PtCloates_stereo-BRUVS","37","Sus","Sus","sus","2",1
"2022-05_PtCloates_stereo-BRUVS","37","Unknown","Unknown","spp",NA,1
"2022-05_PtCloates_stereo-BRUVS","38","Carangidae","Decapterus","spp",NA,1
"2022-05_PtCloates_stereo-BRUVS","38","Lethrinidae","Gymnocranius","sp1",NA,1
"2022-05_PtCloates_stereo-BRUVS","38","Lethrinidae","Lethrinus","ravus","37351031",1
"2022-05_PtCloates_stereo-BRUVS","38","Lethrinidae","Lethrinus","rubrioperculatus","37351012",1
"2022-05_PtCloates_stereo-BRUVS","38","Nemipteridae","Pentapodus","nagasakiensis","37347012",4
"2022-05_PtCloates_stereo-BRUVS","38","Pinguipedidae","Parapercis","nebulosa","37390005",1
"2022-05_PtCloates_stereo-BRUVS","38","Unknown","Unknown","spp","0",1
"2022-05_PtCloates_stereo-BRUVS","39","Acanthuridae","Naso","hexacanthus","37437028",1
"2022-05_PtCloates_stereo-BRUVS","39","Balistidae","Sufflamen","fraenatum","37465014",2
"2022-05_PtCloates_stereo-BRUVS","39","Carangidae","Carangoides","chrysophrys","37337011",1
"2022-05_PtCloates_stereo-BRUVS","39","Carangidae","Carangoides","fulvoguttatus","37337037",1
"2022-05_PtCloates_stereo-BRUVS","39","Carangidae","Seriola","rivoliana","37337052",1
"2022-05_PtCloates_stereo-BRUVS","39","Carcharhinidae","Carcharhinus","albimarginatus","37018027",2
"2022-05_PtCloates_stereo-BRUVS","39","Cirrhitidae","Paracirrhites","forsteri","37374010",8
"2022-05_PtCloates_stereo-BRUVS","39","Labridae","Bodianus","solatus","37384201",2
"2022-05_PtCloates_stereo-BRUVS","39","Labridae","Diproctacanthus","xanthurus","37384102",1
"2022-05_PtCloates_stereo-BRUVS","39","Lethrinidae","Gymnocranius","sp1",NA,1
"2022-05_PtCloates_stereo-BRUVS","39","Lethrinidae","Lethrinus","miniatus","37351009",7
"2022-05_PtCloates_stereo-BRUVS","39","Lethrinidae","Lethrinus","ravus","37351031",2
"2022-05_PtCloates_stereo-BRUVS","39","Lutjanidae","Lutjanus","sebae","37346004",1
"2022-05_PtCloates_stereo-BRUVS","4","Balistidae","Abalistes","filamentosus","37465089",2
"2022-05_PtCloates_stereo-BRUVS","4","Carangidae","Carangoides","fulvoguttatus","37337037",2
"2022-05_PtCloates_stereo-BRUVS","4","Carangidae","Seriolina","nigrofasciata","37337014",1
"2022-05_PtCloates_stereo-BRUVS","4","Carcharhinidae","Carcharhinus","spp",NA,1
"2022-05_PtCloates_stereo-BRUVS","4","Lethrinidae","Gymnocranius","sp1",NA,1
"2022-05_PtCloates_stereo-BRUVS","4","Lethrinidae","Lethrinus","miniatus","37351009",2
"2022-05_PtCloates_stereo-BRUVS","4","Lethrinidae","Lethrinus","nebulosus","37351008",1
"2022-05_PtCloates_stereo-BRUVS","4","Lethrinidae","Lethrinus","rubrioperculatus","37351012",7
"2022-05_PtCloates_stereo-BRUVS","4","Lutjanidae","Lutjanus","sebae","37346004",1
"2022-05_PtCloates_stereo-BRUVS","4","Lutjanidae","Pristipomoides","sp1",NA,2
"2022-05_PtCloates_stereo-BRUVS","4","Nemipteridae","Pentapodus","nagasakiensis","37347012",5
"2022-05_PtCloates_stereo-BRUVS","4","Scombridae","Scomberomorus","spp",NA,1
"2022-05_PtCloates_stereo-BRUVS","4","Serranidae","Epinephelus","areolatus","37311009",1
"2022-05_PtCloates_stereo-BRUVS","40","Balistidae","Abalistes","filamentosus","37465089",1
"2022-05_PtCloates_stereo-BRUVS","40","Balistidae","Sufflamen","fraenatum","37465014",1
"2022-05_PtCloates_stereo-BRUVS","40","Carangidae","Carangoides","chrysophrys","37337011",1
"2022-05_PtCloates_stereo-BRUVS","40","Carangidae","Carangoides","fulvoguttatus","37337037",1
"2022-05_PtCloates_stereo-BRUVS","40","Carangidae","Carangoides","gymnostethus","37337022",14
"2022-05_PtCloates_stereo-BRUVS","40","Labridae","Suezichthys","cyanolaemus","37384161",1
"2022-05_PtCloates_stereo-BRUVS","40","Lethrinidae","Gymnocranius","sp1",NA,2
"2022-05_PtCloates_stereo-BRUVS","40","Lethrinidae","Lethrinus","rubrioperculatus","37351012",2
"2022-05_PtCloates_stereo-BRUVS","40","Lutjanidae","Lutjanus","sebae","37346004",1
"2022-05_PtCloates_stereo-BRUVS","40","Lutjanidae","Pristipomoides","sp1",NA,3
"2022-05_PtCloates_stereo-BRUVS","40","Nemipteridae","Pentapodus","nagasakiensis","37347012",3
"2022-05_PtCloates_stereo-BRUVS","40","Pinguipedidae","Parapercis","nebulosa","37390005",4
"2022-05_PtCloates_stereo-BRUVS","40","Pinguipedidae","Parapercis","sp",NA,2
"2022-05_PtCloates_stereo-BRUVS","40","Scombridae","Scomberomorus","spp",NA,1
"2022-05_PtCloates_stereo-BRUVS","40","Sus","Sus","sus","2",3
"2022-05_PtCloates_stereo-BRUVS","40","Tetraodontidae","Lagocephalus","sceleratus","37467007",1
"2022-05_PtCloates_stereo-BRUVS","40","Unknown","Unknown","spp",NA,2
"2022-05_PtCloates_stereo-BRUVS","41","Carangidae","Carangoides","fulvoguttatus","37337037",1
"2022-05_PtCloates_stereo-BRUVS","41","Carangidae","Decapterus","spp",NA,27
"2022-05_PtCloates_stereo-BRUVS","41","Echeneidae","Echeneis","naucrates","37336001",1
"2022-05_PtCloates_stereo-BRUVS","41","Lethrinidae","Gymnocranius","euanus","37351022",2
"2022-05_PtCloates_stereo-BRUVS","41","Lethrinidae","Gymnocranius","sp1",NA,3
"2022-05_PtCloates_stereo-BRUVS","41","Lethrinidae","Lethrinus","rubrioperculatus","37351012",2
"2022-05_PtCloates_stereo-BRUVS","41","Lutjanidae","Pristipomoides","sp1",NA,1
"2022-05_PtCloates_stereo-BRUVS","41","Pinguipedidae","Parapercis","nebulosa","37390005",1
"2022-05_PtCloates_stereo-BRUVS","41","Serranidae","Epinephelus","tukula","37311068",1
"2022-05_PtCloates_stereo-BRUVS","41","Sparidae","Argyrops","spinifer","37353006",2
"2022-05_PtCloates_stereo-BRUVS","42","Balistidae","Abalistes","filamentosus","37465089",1
"2022-05_PtCloates_stereo-BRUVS","42","Carangidae","Carangoides","chrysophrys","37337011",1
"2022-05_PtCloates_stereo-BRUVS","42","Carangidae","Carangoides","gymnostethus","37337022",2
"2022-05_PtCloates_stereo-BRUVS","42","Carangidae","Decapterus","spp",NA,13
"2022-05_PtCloates_stereo-BRUVS","42","Lethrinidae","Gymnocranius","sp1",NA,3
"2022-05_PtCloates_stereo-BRUVS","42","Lethrinidae","Lethrinus","rubrioperculatus","37351012",1
"2022-05_PtCloates_stereo-BRUVS","42","Lutjanidae","Pristipomoides","sp1",NA,8
"2022-05_PtCloates_stereo-BRUVS","42","Sparidae","Argyrops","spinifer","37353006",8
"2022-05_PtCloates_stereo-BRUVS","43","Balistidae","Abalistes","filamentosus","37465089",1
"2022-05_PtCloates_stereo-BRUVS","43","Balistidae","Pseudobalistes","fuscus","37465027",1
"2022-05_PtCloates_stereo-BRUVS","43","Carangidae","Carangoides","chrysophrys","37337011",1
"2022-05_PtCloates_stereo-BRUVS","43","Carangidae","Carangoides","fulvoguttatus","37337037",6
"2022-05_PtCloates_stereo-BRUVS","43","Carcharhinidae","Loxodon","macrorhinus","37018005",1
"2022-05_PtCloates_stereo-BRUVS","43","Haemulidae","Diagramma","pictum labiosum","37350003",1
"2022-05_PtCloates_stereo-BRUVS","43","Labridae","Bodianus","solatus","37384201",2
"2022-05_PtCloates_stereo-BRUVS","43","Lethrinidae","Gymnocranius","sp1",NA,7
"2022-05_PtCloates_stereo-BRUVS","43","Lethrinidae","Lethrinus","miniatus","37351009",1
"2022-05_PtCloates_stereo-BRUVS","43","Lethrinidae","Lethrinus","rubrioperculatus","37351012",7
"2022-05_PtCloates_stereo-BRUVS","43","Lutjanidae","Pristipomoides","sp1",NA,2
"2022-05_PtCloates_stereo-BRUVS","43","Mullidae","Unknown","spp",NA,2
"2022-05_PtCloates_stereo-BRUVS","43","Nemipteridae","Pentapodus","nagasakiensis","37347012",15
"2022-05_PtCloates_stereo-BRUVS","43","Pinguipedidae","Parapercis","nebulosa","37390005",2
"2022-05_PtCloates_stereo-BRUVS","43","Scombridae","Scomberomorus","spp",NA,1
"2022-05_PtCloates_stereo-BRUVS","43","Sus","Sus","sus","2",1
"2022-05_PtCloates_stereo-BRUVS","43","Unknown","Unknown","spp",NA,1
"2022-05_PtCloates_stereo-BRUVS","44","Balistidae","Abalistes","filamentosus","37465089",1
"2022-05_PtCloates_stereo-BRUVS","44","Balistidae","Sufflamen","fraenatum","37465014",1
"2022-05_PtCloates_stereo-BRUVS","44","Carangidae","Carangoides","fulvoguttatus","37337037",4
"2022-05_PtCloates_stereo-BRUVS","44","Carangidae","Carangoides","gymnostethus","37337022",4
"2022-05_PtCloates_stereo-BRUVS","44","Carangidae","Seriolina","nigrofasciata","37337014",1
"2022-05_PtCloates_stereo-BRUVS","44","Echeneidae","Echeneis","naucrates","37336001",1
"2022-05_PtCloates_stereo-BRUVS","44","Lethrinidae","Gymnocranius","sp1",NA,1
"2022-05_PtCloates_stereo-BRUVS","44","Lethrinidae","Lethrinus","rubrioperculatus","37351012",2
"2022-05_PtCloates_stereo-BRUVS","44","Lutjanidae","Lutjanus","sebae","37346004",1
"2022-05_PtCloates_stereo-BRUVS","44","Lutjanidae","Pristipomoides","multidens","37346002",2
"2022-05_PtCloates_stereo-BRUVS","44","Lutjanidae","Pristipomoides","sp1",NA,5
"2022-05_PtCloates_stereo-BRUVS","44","Sparidae","Argyrops","spinifer","37353006",1
"2022-05_PtCloates_stereo-BRUVS","44","Sus","Sus","sus","2",13
"2022-05_PtCloates_stereo-BRUVS","45","Acanthuridae","Naso","hexacanthus","37437028",11
"2022-05_PtCloates_stereo-BRUVS","45","Balistidae","Sufflamen","fraenatum","37465014",2
"2022-05_PtCloates_stereo-BRUVS","45","Balistidae","Xanthichthys","lineopunctatus","37465016",2
"2022-05_PtCloates_stereo-BRUVS","45","Carangidae","Carangoides","chrysophrys","37337011",1
"2022-05_PtCloates_stereo-BRUVS","45","Carangidae","Carangoides","fulvoguttatus","37337037",17
"2022-05_PtCloates_stereo-BRUVS","45","Carangidae","Carangoides","gymnostethus","37337022",1
"2022-05_PtCloates_stereo-BRUVS","45","Carcharhinidae","Carcharhinus","albimarginatus","37018027",1
"2022-05_PtCloates_stereo-BRUVS","45","Echeneidae","Echeneis","naucrates","37336001",1
"2022-05_PtCloates_stereo-BRUVS","45","Ephippidae","Platax","batavianus","37362002",1
"2022-05_PtCloates_stereo-BRUVS","45","Labridae","Bodianus","solatus","37384201",7
"2022-05_PtCloates_stereo-BRUVS","45","Lethrinidae","Gymnocranius","euanus","37351022",1
"2022-05_PtCloates_stereo-BRUVS","45","Lethrinidae","Lethrinus","miniatus","37351009",4
"2022-05_PtCloates_stereo-BRUVS","45","Lethrinidae","Lethrinus","nebulosus","37351008",1
"2022-05_PtCloates_stereo-BRUVS","45","Lethrinidae","Lethrinus","rubrioperculatus","37351012",7
"2022-05_PtCloates_stereo-BRUVS","45","Lutjanidae","Pristipomoides","typus","37346019",1
"2022-05_PtCloates_stereo-BRUVS","45","Mullidae","Parupeneus","heptacanthus","37355004",3
"2022-05_PtCloates_stereo-BRUVS","45","Pinguipedidae","Parapercis","nebulosa","37390005",3
"2022-05_PtCloates_stereo-BRUVS","45","Pomacanthidae","Chaetodontoplus","personifer","37365008",2
"2022-05_PtCloates_stereo-BRUVS","45","Scaridae","Scarus","sp3",NA,3
"2022-05_PtCloates_stereo-BRUVS","45","Serranidae","Epinephelus","multinotatus","37311010",1
"2022-05_PtCloates_stereo-BRUVS","45","Serranidae","Variola","louti","37311166",2
"2022-05_PtCloates_stereo-BRUVS","45","Sus","Sus","sus","2",3
"2022-05_PtCloates_stereo-BRUVS","46","Albulidae","Albula","argentea","37055001",2
"2022-05_PtCloates_stereo-BRUVS","46","Carangidae","Carangoides","fulvoguttatus","37337037",1
"2022-05_PtCloates_stereo-BRUVS","46","Carcharhinidae","Carcharhinus","spp",NA,1
"2022-05_PtCloates_stereo-BRUVS","46","Echeneidae","Echeneis","naucrates","37336001",1
"2022-05_PtCloates_stereo-BRUVS","46","Lethrinidae","Gymnocranius","sp1",NA,2
"2022-05_PtCloates_stereo-BRUVS","46","Lethrinidae","Lethrinus","miniatus","37351009",2
"2022-05_PtCloates_stereo-BRUVS","46","Lethrinidae","Lethrinus","ravus","37351031",2
"2022-05_PtCloates_stereo-BRUVS","46","Lethrinidae","Lethrinus","rubrioperculatus","37351012",3
"2022-05_PtCloates_stereo-BRUVS","46","Lutjanidae","Lutjanus","sebae","37346004",5
"2022-05_PtCloates_stereo-BRUVS","46","Pomacanthidae","Chaetodontoplus","personifer","37365008",1
"2022-05_PtCloates_stereo-BRUVS","46","Pomacanthidae","Pomacanthus","semicirculatus","37365080",1
"2022-05_PtCloates_stereo-BRUVS","46","Serranidae","Epinephelus","coioides","37311007",1
"2022-05_PtCloates_stereo-BRUVS","46","Serranidae","Plectropomus","spp",NA,2
"2022-05_PtCloates_stereo-BRUVS","46","Unknown","Unknown","spp","0",1
"2022-05_PtCloates_stereo-BRUVS","47","Acanthuridae","Naso","hexacanthus","37437028",53
"2022-05_PtCloates_stereo-BRUVS","47","Carangidae","Carangoides","chrysophrys","37337011",1
"2022-05_PtCloates_stereo-BRUVS","47","Carangidae","Caranx","ignobilis","37337027",1
"2022-05_PtCloates_stereo-BRUVS","47","Carcharhinidae","Carcharhinus","plumbeus","37018007",1
"2022-05_PtCloates_stereo-BRUVS","47","Chaetodontidae","Heniochus","acuminatus","37365011",1
"2022-05_PtCloates_stereo-BRUVS","47","Labridae","Bodianus","solatus","37384201",1
"2022-05_PtCloates_stereo-BRUVS","47","Labridae","Choerodon","sp1",NA,1
"2022-05_PtCloates_stereo-BRUVS","47","Lethrinidae","Gymnocranius","euanus","37351022",1
"2022-05_PtCloates_stereo-BRUVS","47","Lethrinidae","Gymnocranius","sp1",NA,1
"2022-05_PtCloates_stereo-BRUVS","47","Lethrinidae","Lethrinus","miniatus","37351009",3
"2022-05_PtCloates_stereo-BRUVS","47","Lethrinidae","Lethrinus","nebulosus","37351008",1
"2022-05_PtCloates_stereo-BRUVS","47","Lethrinidae","Lethrinus","ravus","37351031",3
"2022-05_PtCloates_stereo-BRUVS","47","Lethrinidae","Lethrinus","rubrioperculatus","37351012",2
"2022-05_PtCloates_stereo-BRUVS","47","Lutjanidae","Aphareus","rutilans","37346001",1
"2022-05_PtCloates_stereo-BRUVS","47","Lutjanidae","Lutjanus","sebae","37346004",2
"2022-05_PtCloates_stereo-BRUVS","47","Malacanthidae","Malacanthus","brevirostris","37331009",3
"2022-05_PtCloates_stereo-BRUVS","47","Malacanthidae","Malacanthus","latovittatus","37331010",1
"2022-05_PtCloates_stereo-BRUVS","47","Scaridae","Scarus","sp3",NA,1
"2022-05_PtCloates_stereo-BRUVS","47","Scombridae","Scomberomorus","spp",NA,1
"2022-05_PtCloates_stereo-BRUVS","47","Serranidae","Epinephelus","multinotatus","37311010",1
"2022-05_PtCloates_stereo-BRUVS","47","Serranidae","Epinephelus","spp",NA,1
"2022-05_PtCloates_stereo-BRUVS","47","Sus","Sus","sus","2",1
"2022-05_PtCloates_stereo-BRUVS","47","Tetraodontidae","Arothron","stellatus","37467014",1
"2022-05_PtCloates_stereo-BRUVS","48","Acanthuridae","Naso","hexacanthus","37437028",2
"2022-05_PtCloates_stereo-BRUVS","48","Carangidae","Carangoides","spp",NA,1
"2022-05_PtCloates_stereo-BRUVS","48","Carcharhinidae","Carcharhinus","albimarginatus","37018027",1
"2022-05_PtCloates_stereo-BRUVS","48","Chaetodontidae","Heniochus","acuminatus","37365011",1
"2022-05_PtCloates_stereo-BRUVS","48","Labridae","Bodianus","solatus","37384201",1
"2022-05_PtCloates_stereo-BRUVS","48","Lethrinidae","Gymnocranius","euanus","37351022",1
"2022-05_PtCloates_stereo-BRUVS","48","Lethrinidae","Gymnocranius","sp1",NA,3
"2022-05_PtCloates_stereo-BRUVS","48","Lethrinidae","Lethrinus","miniatus","37351009",1
"2022-05_PtCloates_stereo-BRUVS","48","Lethrinidae","Lethrinus","ravus","37351031",3
"2022-05_PtCloates_stereo-BRUVS","48","Lethrinidae","Lethrinus","rubrioperculatus","37351012",5
"2022-05_PtCloates_stereo-BRUVS","48","Lutjanidae","Aphareus","rutilans","37346001",1
"2022-05_PtCloates_stereo-BRUVS","48","Sus","Sus","sus","2",7
"2022-05_PtCloates_stereo-BRUVS","48","Tetraodontidae","Arothron","stellatus","37467014",1
"2022-05_PtCloates_stereo-BRUVS","5","Carangidae","Carangoides","chrysophrys","37337011",1
"2022-05_PtCloates_stereo-BRUVS","5","Carangidae","Carangoides","fulvoguttatus","37337037",4
"2022-05_PtCloates_stereo-BRUVS","5","Carcharhinidae","Carcharhinus","albimarginatus","37018027",1
"2022-05_PtCloates_stereo-BRUVS","5","Lethrinidae","Gymnocranius","euanus","37351022",1
"2022-05_PtCloates_stereo-BRUVS","5","Lethrinidae","Gymnocranius","sp1",NA,3
"2022-05_PtCloates_stereo-BRUVS","5","Lethrinidae","Lethrinus","miniatus","37351009",2
"2022-05_PtCloates_stereo-BRUVS","5","Lethrinidae","Lethrinus","nebulosus","37351008",1
"2022-05_PtCloates_stereo-BRUVS","5","Lethrinidae","Lethrinus","rubrioperculatus","37351012",4
"2022-05_PtCloates_stereo-BRUVS","5","Lutjanidae","Aphareus","rutilans","37346001",1
"2022-05_PtCloates_stereo-BRUVS","5","Lutjanidae","Pristipomoides","sp1",NA,1
"2022-05_PtCloates_stereo-BRUVS","5","Pinguipedidae","Parapercis","nebulosa","37390005",2
"2022-05_PtCloates_stereo-BRUVS","5","Sphyraenidae","Sphyraena","qenie","37382009",4
"2022-05_PtCloates_stereo-BRUVS","5","Sus","Sus","sus","2",3
"2022-05_PtCloates_stereo-BRUVS","50","Carangidae","Carangoides","chrysophrys","37337011",1
"2022-05_PtCloates_stereo-BRUVS","50","Carangidae","Caranx","lugubris","37337053",1
"2022-05_PtCloates_stereo-BRUVS","50","Cirrhitidae","Paracirrhites","forsteri","37374010",1
"2022-05_PtCloates_stereo-BRUVS","50","Echeneidae","Echeneis","naucrates","37336001",1
"2022-05_PtCloates_stereo-BRUVS","50","Labridae","Suezichthys","cyanolaemus","37384161",2
"2022-05_PtCloates_stereo-BRUVS","50","Lethrinidae","Gymnocranius","euanus","37351022",1
"2022-05_PtCloates_stereo-BRUVS","50","Lethrinidae","Gymnocranius","sp1",NA,1
"2022-05_PtCloates_stereo-BRUVS","50","Lethrinidae","Lethrinus","miniatus","37351009",2
"2022-05_PtCloates_stereo-BRUVS","50","Lethrinidae","Lethrinus","nebulosus","37351008",2
"2022-05_PtCloates_stereo-BRUVS","50","Lethrinidae","Lethrinus","ravus","37351031",2
"2022-05_PtCloates_stereo-BRUVS","50","Lutjanidae","Aphareus","rutilans","37346001",1
"2022-05_PtCloates_stereo-BRUVS","50","Lutjanidae","Lutjanus","sebae","37346004",3
"2022-05_PtCloates_stereo-BRUVS","50","Malacanthidae","Malacanthus","brevirostris","37331009",2
"2022-05_PtCloates_stereo-BRUVS","50","Nemipteridae","Pentapodus","nagasakiensis","37347012",4
"2022-05_PtCloates_stereo-BRUVS","50","Pinguipedidae","Parapercis","nebulosa","37390005",5
"2022-05_PtCloates_stereo-BRUVS","50","Scombridae","Scomberomorus","commerson","37441007",1
"2022-05_PtCloates_stereo-BRUVS","50","Serranidae","Epinephelus","multinotatus","37311010",1
"2022-05_PtCloates_stereo-BRUVS","50","Sphyraenidae","Sphyraena","jello","37382004",1
"2022-05_PtCloates_stereo-BRUVS","51","Acanthuridae","Naso","hexacanthus","37437028",14
"2022-05_PtCloates_stereo-BRUVS","51","Carangidae","Carangoides","spp",NA,1
"2022-05_PtCloates_stereo-BRUVS","51","Carcharhinidae","Carcharhinus","albimarginatus","37018027",1
"2022-05_PtCloates_stereo-BRUVS","51","Fistulariidae","Fistularia","commersonii","37278001",1
"2022-05_PtCloates_stereo-BRUVS","51","Labridae","Choerodon","sp1",NA,1
"2022-05_PtCloates_stereo-BRUVS","51","Labridae","Unknown","spp",NA,1
"2022-05_PtCloates_stereo-BRUVS","51","Lethrinidae","Gymnocranius","euanus","37351022",1
"2022-05_PtCloates_stereo-BRUVS","51","Lethrinidae","Gymnocranius","sp1",NA,1
"2022-05_PtCloates_stereo-BRUVS","51","Lethrinidae","Lethrinus","miniatus","37351009",2
"2022-05_PtCloates_stereo-BRUVS","51","Lethrinidae","Lethrinus","rubrioperculatus","37351012",4
"2022-05_PtCloates_stereo-BRUVS","51","Lutjanidae","Aphareus","rutilans","37346001",1
"2022-05_PtCloates_stereo-BRUVS","51","Lutjanidae","Lutjanus","sebae","37346004",1
"2022-05_PtCloates_stereo-BRUVS","51","Lutjanidae","Pristipomoides","sp1",NA,1
"2022-05_PtCloates_stereo-BRUVS","51","Mullidae","Parupeneus","cyclostomus","37355025",2
"2022-05_PtCloates_stereo-BRUVS","51","Mullidae","Parupeneus","heptacanthus","37355004",8
"2022-05_PtCloates_stereo-BRUVS","51","Nemipteridae","Pentapodus","nagasakiensis","37347012",2
"2022-05_PtCloates_stereo-BRUVS","51","Pinguipedidae","Parapercis","nebulosa","37390005",1
"2022-05_PtCloates_stereo-BRUVS","51","Scaridae","Scarus","sp3",NA,1
"2022-05_PtCloates_stereo-BRUVS","51","Serranidae","Epinephelus","spp",NA,1
"2022-05_PtCloates_stereo-BRUVS","51","Unknown","Unknown","spp",NA,1
"2022-05_PtCloates_stereo-BRUVS","52","Carangidae","Carangoides","chrysophrys","37337011",2
"2022-05_PtCloates_stereo-BRUVS","52","Carangidae","Carangoides","fulvoguttatus","37337037",1
"2022-05_PtCloates_stereo-BRUVS","52","Labridae","Bodianus","solatus","37384201",3
"2022-05_PtCloates_stereo-BRUVS","52","Lethrinidae","Gymnocranius","sp1",NA,1
"2022-05_PtCloates_stereo-BRUVS","52","Lethrinidae","Lethrinus","miniatus","37351009",3
"2022-05_PtCloates_stereo-BRUVS","52","Lethrinidae","Lethrinus","ravus","37351031",1
"2022-05_PtCloates_stereo-BRUVS","52","Lethrinidae","Lethrinus","rubrioperculatus","37351012",2
"2022-05_PtCloates_stereo-BRUVS","52","Lethrinidae","Lethrinus","spp",NA,1
"2022-05_PtCloates_stereo-BRUVS","52","Lutjanidae","Lutjanus","sebae","37346004",1
"2022-05_PtCloates_stereo-BRUVS","52","Lutjanidae","Pristipomoides","sp1",NA,1
"2022-05_PtCloates_stereo-BRUVS","52","Mullidae","Parupeneus","heptacanthus","37355004",1
"2022-05_PtCloates_stereo-BRUVS","52","Mullidae","Parupeneus","spilurus","37355015",1
"2022-05_PtCloates_stereo-BRUVS","52","Nemipteridae","Pentapodus","nagasakiensis","37347012",2
"2022-05_PtCloates_stereo-BRUVS","52","Pinguipedidae","Parapercis","nebulosa","37390005",4
"2022-05_PtCloates_stereo-BRUVS","52","Scaridae","Scarus","sp3",NA,1
"2022-05_PtCloates_stereo-BRUVS","53","Carangidae","Carangoides","chrysophrys","37337011",13
"2022-05_PtCloates_stereo-BRUVS","53","Carangidae","Decapterus","spp",NA,3
"2022-05_PtCloates_stereo-BRUVS","53","Carcharhinidae","Carcharhinus","albimarginatus","37018027",1
"2022-05_PtCloates_stereo-BRUVS","53","Chaetodontidae","Heniochus","acuminatus","37365011",1
"2022-05_PtCloates_stereo-BRUVS","53","Cirrhitidae","Cirrhitichthys","aprinus","37374001",1
"2022-05_PtCloates_stereo-BRUVS","53","Labridae","Bodianus","solatus","37384201",1
"2022-05_PtCloates_stereo-BRUVS","53","Labridae","Oxycheilinus","orientalis","37384030",2
"2022-05_PtCloates_stereo-BRUVS","53","Lethrinidae","Lethrinus","miniatus","37351009",1
"2022-05_PtCloates_stereo-BRUVS","53","Lethrinidae","Lethrinus","ravus","37351031",6
"2022-05_PtCloates_stereo-BRUVS","53","Nemipteridae","Pentapodus","nagasakiensis","37347012",1
"2022-05_PtCloates_stereo-BRUVS","53","Nemipteridae","Pentapodus","vitta","37347022",2
"2022-05_PtCloates_stereo-BRUVS","53","Pinguipedidae","Parapercis","nebulosa","37390005",1
"2022-05_PtCloates_stereo-BRUVS","53","Unknown","Unknown","spp",NA,1
"2022-05_PtCloates_stereo-BRUVS","54","Carangidae","Carangoides","fulvoguttatus","37337037",2
"2022-05_PtCloates_stereo-BRUVS","54","Carcharhinidae","Carcharhinus","albimarginatus","37018027",1
"2022-05_PtCloates_stereo-BRUVS","54","Lethrinidae","Gymnocranius","euanus","37351022",1
"2022-05_PtCloates_stereo-BRUVS","54","Lethrinidae","Gymnocranius","sp1",NA,1
"2022-05_PtCloates_stereo-BRUVS","54","Lethrinidae","Lethrinus","miniatus","37351009",2
"2022-05_PtCloates_stereo-BRUVS","54","Lethrinidae","Lethrinus","nebulosus","37351008",1
"2022-05_PtCloates_stereo-BRUVS","54","Lutjanidae","Lutjanus","sebae","37346004",1
"2022-05_PtCloates_stereo-BRUVS","54","Lutjanidae","Pristipomoides","sp1",NA,1
"2022-05_PtCloates_stereo-BRUVS","54","Nemipteridae","Pentapodus","nagasakiensis","37347012",2
"2022-05_PtCloates_stereo-BRUVS","54","Pinguipedidae","Parapercis","nebulosa","37390005",1
"2022-05_PtCloates_stereo-BRUVS","54","Scombridae","Scomberomorus","spp",NA,1
"2022-05_PtCloates_stereo-BRUVS","55","Carangidae","Carangoides","chrysophrys","37337011",2
"2022-05_PtCloates_stereo-BRUVS","55","Carangidae","Seriola","rivoliana","37337052",2
"2022-05_PtCloates_stereo-BRUVS","55","Echeneidae","Echeneis","naucrates","37336001",1
"2022-05_PtCloates_stereo-BRUVS","55","Labridae","Choerodon","sp1",NA,1
"2022-05_PtCloates_stereo-BRUVS","55","Lethrinidae","Gymnocranius","sp1",NA,5
"2022-05_PtCloates_stereo-BRUVS","55","Lethrinidae","Lethrinus","miniatus","37351009",5
"2022-05_PtCloates_stereo-BRUVS","55","Lethrinidae","Lethrinus","nebulosus","37351008",1
"2022-05_PtCloates_stereo-BRUVS","55","Lethrinidae","Lethrinus","rubrioperculatus","37351012",3
"2022-05_PtCloates_stereo-BRUVS","55","Lutjanidae","Lutjanus","sebae","37346004",1
"2022-05_PtCloates_stereo-BRUVS","55","Lutjanidae","Pristipomoides","sp1",NA,10
"2022-05_PtCloates_stereo-BRUVS","55","Pomacanthidae","Pomacanthus","semicirculatus","37365080",1
"2022-05_PtCloates_stereo-BRUVS","55","Sparidae","Argyrops","spinifer","37353006",1
"2022-05_PtCloates_stereo-BRUVS","56","Carangidae","Carangoides","chrysophrys","37337011",4
"2022-05_PtCloates_stereo-BRUVS","56","Carangidae","Decapterus","muroadsi","37337071",18
"2022-05_PtCloates_stereo-BRUVS","56","Carangidae","Seriola","rivoliana","37337052",1
"2022-05_PtCloates_stereo-BRUVS","56","Echeneidae","Echeneis","naucrates","37336001",1
"2022-05_PtCloates_stereo-BRUVS","56","Lethrinidae","Gymnocranius","euanus","37351022",1
"2022-05_PtCloates_stereo-BRUVS","56","Lethrinidae","Gymnocranius","sp1",NA,2
"2022-05_PtCloates_stereo-BRUVS","56","Lethrinidae","Lethrinus","miniatus","37351009",3
"2022-05_PtCloates_stereo-BRUVS","56","Lethrinidae","Lethrinus","nebulosus","37351008",1
"2022-05_PtCloates_stereo-BRUVS","56","Lethrinidae","Lethrinus","rubrioperculatus","37351012",2
"2022-05_PtCloates_stereo-BRUVS","56","Lutjanidae","Lutjanus","sebae","37346004",15
"2022-05_PtCloates_stereo-BRUVS","56","Lutjanidae","Pristipomoides","sp1",NA,17
"2022-05_PtCloates_stereo-BRUVS","56","Pinguipedidae","Parapercis","nebulosa","37390005",1
"2022-05_PtCloates_stereo-BRUVS","57","Carangidae","Carangoides","chrysophrys","37337011",1
"2022-05_PtCloates_stereo-BRUVS","57","Carangidae","Decapterus","spp",NA,1
"2022-05_PtCloates_stereo-BRUVS","57","Lethrinidae","Gymnocranius","sp1",NA,4
"2022-05_PtCloates_stereo-BRUVS","57","Lethrinidae","Lethrinus","miniatus","37351009",5
"2022-05_PtCloates_stereo-BRUVS","57","Lethrinidae","Lethrinus","ravus","37351031",2
"2022-05_PtCloates_stereo-BRUVS","57","Lutjanidae","Lutjanus","sebae","37346004",1
"2022-05_PtCloates_stereo-BRUVS","57","Unknown","Unknown","spp","0",1
"2022-05_PtCloates_stereo-BRUVS","58","Balistidae","Abalistes","filamentosus","37465089",2
"2022-05_PtCloates_stereo-BRUVS","58","Carangidae","Carangoides","chrysophrys","37337011",1
"2022-05_PtCloates_stereo-BRUVS","58","Carangidae","Decapterus","spp",NA,35
"2022-05_PtCloates_stereo-BRUVS","58","Carcharhinidae","Carcharhinus","albimarginatus","37018027",1
"2022-05_PtCloates_stereo-BRUVS","58","Chaetodontidae","Chaetodon","assarius","37365012",1
"2022-05_PtCloates_stereo-BRUVS","58","Labridae","Bodianus","solatus","37384201",1
"2022-05_PtCloates_stereo-BRUVS","58","Lethrinidae","Gymnocranius","sp1",NA,8
"2022-05_PtCloates_stereo-BRUVS","58","Lethrinidae","Lethrinus","nebulosus","37351008",1
"2022-05_PtCloates_stereo-BRUVS","58","Lethrinidae","Lethrinus","rubrioperculatus","37351012",3
"2022-05_PtCloates_stereo-BRUVS","58","Lutjanidae","Pristipomoides","sp1",NA,9
"2022-05_PtCloates_stereo-BRUVS","58","Mullidae","Parupeneus","heptacanthus","37355004",6
"2022-05_PtCloates_stereo-BRUVS","58","Pomacanthidae","Pomacanthus","semicirculatus","37365080",1
"2022-05_PtCloates_stereo-BRUVS","58","Serranidae","Epinephelus","areolatus","37311009",2
"2022-05_PtCloates_stereo-BRUVS","58","Sparidae","Argyrops","spinifer","37353006",2
"2022-05_PtCloates_stereo-BRUVS","59","Balistidae","Abalistes","filamentosus","37465089",1
"2022-05_PtCloates_stereo-BRUVS","59","Balistidae","Sufflamen","fraenatum","37465014",1
"2022-05_PtCloates_stereo-BRUVS","59","Carangidae","Carangoides","chrysophrys","37337011",2
"2022-05_PtCloates_stereo-BRUVS","59","Carangidae","Carangoides","fulvoguttatus","37337037",4
"2022-05_PtCloates_stereo-BRUVS","59","Carangidae","Unknown","spp",NA,8
"2022-05_PtCloates_stereo-BRUVS","59","Carcharhinidae","Carcharhinus","albimarginatus","37018027",1
"2022-05_PtCloates_stereo-BRUVS","59","Labridae","Coris","caudimacula","37384092",1
"2022-05_PtCloates_stereo-BRUVS","59","Lethrinidae","Gymnocranius","sp1",NA,2
"2022-05_PtCloates_stereo-BRUVS","59","Lethrinidae","Lethrinus","miniatus","37351009",1
"2022-05_PtCloates_stereo-BRUVS","59","Lethrinidae","Lethrinus","olivaceus","37351004",1
"2022-05_PtCloates_stereo-BRUVS","59","Lethrinidae","Lethrinus","rubrioperculatus","37351012",3
"2022-05_PtCloates_stereo-BRUVS","59","Lethrinidae","Lethrinus","spp",NA,1
"2022-05_PtCloates_stereo-BRUVS","59","Lutjanidae","Aphareus","rutilans","37346001",1
"2022-05_PtCloates_stereo-BRUVS","59","Lutjanidae","Lutjanus","sebae","37346004",1
"2022-05_PtCloates_stereo-BRUVS","59","Lutjanidae","Pristipomoides","sp1",NA,4
"2022-05_PtCloates_stereo-BRUVS","59","Mullidae","Unknown","spp",NA,15
"2022-05_PtCloates_stereo-BRUVS","59","Nemipteridae","Pentapodus","nagasakiensis","37347012",1
"2022-05_PtCloates_stereo-BRUVS","59","Pinguipedidae","Parapercis","nebulosa","37390005",1
"2022-05_PtCloates_stereo-BRUVS","59","Scombridae","Scomberomorus","spp",NA,1
"2022-05_PtCloates_stereo-BRUVS","59","Serranidae","Epinephelus","areolatus","37311009",1
"2022-05_PtCloates_stereo-BRUVS","59","Sus","Sus","sus","2",1
"2022-05_PtCloates_stereo-BRUVS","6","Balistidae","Abalistes","stellatus","37465011",2
"2022-05_PtCloates_stereo-BRUVS","6","Balistidae","Sufflamen","fraenatum","37465014",1
"2022-05_PtCloates_stereo-BRUVS","6","Carangidae","Carangoides","chrysophrys","37337011",1
"2022-05_PtCloates_stereo-BRUVS","6","Carangidae","Carangoides","fulvoguttatus","37337037",4
"2022-05_PtCloates_stereo-BRUVS","6","Carangidae","Carangoides","gymnostethus","37337022",2
"2022-05_PtCloates_stereo-BRUVS","6","Carangidae","Decapterus","spp",NA,11
"2022-05_PtCloates_stereo-BRUVS","6","Lethrinidae","Gymnocranius","sp1",NA,3
"2022-05_PtCloates_stereo-BRUVS","6","Lethrinidae","Lethrinus","rubrioperculatus","37351012",5
"2022-05_PtCloates_stereo-BRUVS","6","Lutjanidae","Aphareus","rutilans","37346001",1
"2022-05_PtCloates_stereo-BRUVS","6","Lutjanidae","Pristipomoides","sp1",NA,3
"2022-05_PtCloates_stereo-BRUVS","6","Pinguipedidae","Parapercis","nebulosa","37390005",3
"2022-05_PtCloates_stereo-BRUVS","6","Scombridae","Scomberomorus","spp",NA,1
"2022-05_PtCloates_stereo-BRUVS","6","Sus","Sus","sus","2",1
"2022-05_PtCloates_stereo-BRUVS","60","Carangidae","Carangoides","fulvoguttatus","37337037",7
"2022-05_PtCloates_stereo-BRUVS","60","Carangidae","Decapterus","muroadsi","37337071",63
"2022-05_PtCloates_stereo-BRUVS","60","Carangidae","Seriola","rivoliana","37337052",1
"2022-05_PtCloates_stereo-BRUVS","60","Labridae","Bodianus","solatus","37384201",4
"2022-05_PtCloates_stereo-BRUVS","60","Lethrinidae","Gymnocranius","sp1",NA,1
"2022-05_PtCloates_stereo-BRUVS","60","Lethrinidae","Lethrinus","miniatus","37351009",3
"2022-05_PtCloates_stereo-BRUVS","60","Lethrinidae","Lethrinus","nebulosus","37351008",2
"2022-05_PtCloates_stereo-BRUVS","60","Lethrinidae","Lethrinus","ravus","37351031",1
"2022-05_PtCloates_stereo-BRUVS","60","Lethrinidae","Lethrinus","rubrioperculatus","37351012",1
"2022-05_PtCloates_stereo-BRUVS","60","Lutjanidae","Aphareus","rutilans","37346001",1
"2022-05_PtCloates_stereo-BRUVS","60","Lutjanidae","Lutjanus","sebae","37346004",1
"2022-05_PtCloates_stereo-BRUVS","60","Lutjanidae","Pristipomoides","sp1",NA,2
"2022-05_PtCloates_stereo-BRUVS","60","Mullidae","Parupeneus","heptacanthus","37355004",7
"2022-05_PtCloates_stereo-BRUVS","60","Pinguipedidae","Parapercis","nebulosa","37390005",2
"2022-05_PtCloates_stereo-BRUVS","60","Serranidae","Epinephelus","areolatus","37311009",1
"2022-05_PtCloates_stereo-BRUVS","60","Serranidae","Epinephelus","multinotatus","37311010",1
"2022-05_PtCloates_stereo-BRUVS","61","Carangidae","Seriola","dumerili","37337025",1
"2022-05_PtCloates_stereo-BRUVS","61","Cirrhitidae","Paracirrhites","forsteri","37374010",1
"2022-05_PtCloates_stereo-BRUVS","61","Lethrinidae","Lethrinus","miniatus","37351009",1
"2022-05_PtCloates_stereo-BRUVS","61","Lethrinidae","Lethrinus","ravus","37351031",3
"2022-05_PtCloates_stereo-BRUVS","61","Lethrinidae","Lethrinus","rubrioperculatus","37351012",1
"2022-05_PtCloates_stereo-BRUVS","61","Nemipteridae","Pentapodus","nagasakiensis","37347012",6
"2022-05_PtCloates_stereo-BRUVS","61","Pinguipedidae","Parapercis","nebulosa","37390005",2
"2022-05_PtCloates_stereo-BRUVS","62","Acanthuridae","Naso","hexacanthus","37437028",1
"2022-05_PtCloates_stereo-BRUVS","62","Balistidae","Abalistes","filamentosus","37465089",1
"2022-05_PtCloates_stereo-BRUVS","62","Carangidae","Carangoides","fulvoguttatus","37337037",2
"2022-05_PtCloates_stereo-BRUVS","62","Labridae","Bodianus","solatus","37384201",2
"2022-05_PtCloates_stereo-BRUVS","62","Lethrinidae","Gymnocranius","euanus","37351022",3
"2022-05_PtCloates_stereo-BRUVS","62","Lethrinidae","Lethrinus","miniatus","37351009",10
"2022-05_PtCloates_stereo-BRUVS","62","Lutjanidae","Lutjanus","sebae","37346004",1
"2022-05_PtCloates_stereo-BRUVS","62","Lutjanidae","Pristipomoides","sp1",NA,1
"2022-05_PtCloates_stereo-BRUVS","62","Scombridae","Scomberomorus","spp",NA,2
"2022-05_PtCloates_stereo-BRUVS","62","Serranidae","Variola","louti","37311166",1
"2022-05_PtCloates_stereo-BRUVS","63","Carangidae","Decapterus","spp",NA,1
"2022-05_PtCloates_stereo-BRUVS","63","Carangidae","Seriola","dumerili","37337025",1
"2022-05_PtCloates_stereo-BRUVS","63","Lethrinidae","Gymnocranius","sp1",NA,1
"2022-05_PtCloates_stereo-BRUVS","63","Lethrinidae","Lethrinus","miniatus","37351009",4
"2022-05_PtCloates_stereo-BRUVS","63","Lethrinidae","Lethrinus","ravus","37351031",5
"2022-05_PtCloates_stereo-BRUVS","63","Pinguipedidae","Parapercis","nebulosa","37390005",2
"2022-05_PtCloates_stereo-BRUVS","63","Sus","Sus","sus","2",1
"2022-05_PtCloates_stereo-BRUVS","64","Acanthuridae","Naso","brachycentron","37437025",1
"2022-05_PtCloates_stereo-BRUVS","64","Acanthuridae","Naso","hexacanthus","37437028",8
"2022-05_PtCloates_stereo-BRUVS","64","Balistidae","Pseudobalistes","flavimarginatus","37465071",1
"2022-05_PtCloates_stereo-BRUVS","64","Balistidae","Sufflamen","fraenatum","37465014",1
"2022-05_PtCloates_stereo-BRUVS","64","Carangidae","Carangoides","fulvoguttatus","37337037",2
"2022-05_PtCloates_stereo-BRUVS","64","Carangidae","Decapterus","spp",NA,2
"2022-05_PtCloates_stereo-BRUVS","64","Carcharhinidae","Carcharhinus","albimarginatus","37018027",2
"2022-05_PtCloates_stereo-BRUVS","64","Haemulidae","Diagramma","pictum labiosum","37350003",1
"2022-05_PtCloates_stereo-BRUVS","64","Labridae","Bodianus","solatus","37384201",1
"2022-05_PtCloates_stereo-BRUVS","64","Labridae","Choerodon","sp1",NA,1
"2022-05_PtCloates_stereo-BRUVS","64","Labridae","Suezichthys","cyanolaemus","37384161",1
"2022-05_PtCloates_stereo-BRUVS","64","Lethrinidae","Lethrinus","miniatus","37351009",4
"2022-05_PtCloates_stereo-BRUVS","64","Lethrinidae","Lethrinus","rubrioperculatus","37351012",2
"2022-05_PtCloates_stereo-BRUVS","64","Lutjanidae","Lutjanus","lemniscatus","37346010",1
"2022-05_PtCloates_stereo-BRUVS","64","Lutjanidae","Pristipomoides","sp1",NA,1
"2022-05_PtCloates_stereo-BRUVS","64","Nemipteridae","Pentapodus","nagasakiensis","37347012",4
"2022-05_PtCloates_stereo-BRUVS","64","Pinguipedidae","Parapercis","nebulosa","37390005",2
"2022-05_PtCloates_stereo-BRUVS","64","Serranidae","Epinephelus","coioides","37311007",1
"2022-05_PtCloates_stereo-BRUVS","64","Sus","Sus","sus","2",3
"2022-05_PtCloates_stereo-BRUVS","7","Balistidae","Abalistes","filamentosus","37465089",1
"2022-05_PtCloates_stereo-BRUVS","7","Carangidae","Carangoides","chrysophrys","37337011",1
"2022-05_PtCloates_stereo-BRUVS","7","Carangidae","Carangoides","fulvoguttatus","37337037",1
"2022-05_PtCloates_stereo-BRUVS","7","Carangidae","Decapterus","spp",NA,6
"2022-05_PtCloates_stereo-BRUVS","7","Carcharhinidae","Galeocerdo","cuvier","37018022",1
"2022-05_PtCloates_stereo-BRUVS","7","Lethrinidae","Gymnocranius","sp1",NA,1
"2022-05_PtCloates_stereo-BRUVS","7","Lethrinidae","Lethrinus","miniatus","37351009",2
"2022-05_PtCloates_stereo-BRUVS","7","Lethrinidae","Lethrinus","rubrioperculatus","37351012",3
"2022-05_PtCloates_stereo-BRUVS","7","Lutjanidae","Lutjanus","sebae","37346004",1
"2022-05_PtCloates_stereo-BRUVS","7","Lutjanidae","Pristipomoides","sp1",NA,7
"2022-05_PtCloates_stereo-BRUVS","7","Pinguipedidae","Parapercis","nebulosa","37390005",2
"2022-05_PtCloates_stereo-BRUVS","7","Sparidae","Argyrops","spinifer","37353006",1
"2022-05_PtCloates_stereo-BRUVS","7","Sus","Sus","sus","2",2
"2022-05_PtCloates_stereo-BRUVS","8","Balistidae","Abalistes","filamentosus","37465089",2
"2022-05_PtCloates_stereo-BRUVS","8","Carangidae","Carangoides","chrysophrys","37337011",2
"2022-05_PtCloates_stereo-BRUVS","8","Carangidae","Carangoides","gymnostethus","37337022",6
"2022-05_PtCloates_stereo-BRUVS","8","Carangidae","Decapterus","spp",NA,8
"2022-05_PtCloates_stereo-BRUVS","8","Carangidae","Seriolina","nigrofasciata","37337014",1
"2022-05_PtCloates_stereo-BRUVS","8","Carcharhinidae","Loxodon","macrorhinus","37018005",1
"2022-05_PtCloates_stereo-BRUVS","8","Lethrinidae","Gymnocranius","sp1",NA,6
"2022-05_PtCloates_stereo-BRUVS","8","Lethrinidae","Lethrinus","rubrioperculatus","37351012",5
"2022-05_PtCloates_stereo-BRUVS","8","Lutjanidae","Pristipomoides","sp1",NA,3
"2022-05_PtCloates_stereo-BRUVS","8","Sparidae","Argyrops","spinifer","37353006",6
"2022-05_PtCloates_stereo-BRUVS","9","Acanthuridae","Naso","hexacanthus","37437028",6
"2022-05_PtCloates_stereo-BRUVS","9","Balistidae","Abalistes","filamentosus","37465089",1
"2022-05_PtCloates_stereo-BRUVS","9","Carangidae","Carangoides","chrysophrys","37337011",1
"2022-05_PtCloates_stereo-BRUVS","9","Carangidae","Decapterus","spp",NA,3
"2022-05_PtCloates_stereo-BRUVS","9","Carangidae","Seriola","rivoliana","37337052",1
"2022-05_PtCloates_stereo-BRUVS","9","Carcharhinidae","Carcharhinus","albimarginatus","37018027",1
"2022-05_PtCloates_stereo-BRUVS","9","Echeneidae","Echeneis","naucrates","37336001",2
"2022-05_PtCloates_stereo-BRUVS","9","Lethrinidae","Gymnocranius","sp1",NA,6
"2022-05_PtCloates_stereo-BRUVS","9","Lethrinidae","Lethrinus","miniatus","37351009",5
"2022-05_PtCloates_stereo-BRUVS","9","Lethrinidae","Lethrinus","rubrioperculatus","37351012",2
"2022-05_PtCloates_stereo-BRUVS","9","Lutjanidae","Lutjanus","sebae","37346004",2
"2022-05_PtCloates_stereo-BRUVS","9","Lutjanidae","Pristipomoides","sp1",NA,2
"2022-05_PtCloates_stereo-BRUVS","9","Mullidae","Mulloidichthys","flavolineatus","37355019",3
"2022-05_PtCloates_stereo-BRUVS","9","Mullidae","Unknown","spp",NA,2
"2022-05_PtCloates_stereo-BRUVS","9","Pinguipedidae","Parapercis","nebulosa","37390005",1
"2022-05_PtCloates_stereo-BRUVS","9","Scombridae","Scomberomorus","spp",NA,1
"2022-05_PtCloates_stereo-BRUVS","9","Serranidae","Epinephelus","areolatus","37311009",1
"2022-05_PtCloates_stereo-BRUVS","9","Sus","Sus","sus","2",4
"2022-05_PtCloates_stereo-BRUVS","9","Tetraodontidae","Lagocephalus","sceleratus","37467007",1
"2022-05_PtCloates_stereo-BRUVS","9","Unknown","Unknown","spp",NA,2
