"","sample","caab_code","level_1","level_2","level_3","level_4","level_5","level_6","level_7","level_8","family","genus","species","count","campaignid"
"1",1,"00000001","Biota","Unscorable",NA,NA,NA,NA,NA,NA,NA,NA,NA,12,"2022-05_PtCloates_stereo-BRUVS"
"2",1,"11168902","Biota","Cnidaria","Corals","Black & Octocorals","Branching (3D)",NA,NA,NA,NA,NA,NA,1,"2022-05_PtCloates_stereo-BRUVS"
"3",1,"82001015","Physical","Substrate","Unconsolidated (soft)","Sand / mud (<2mm)","Fine sand (no shell fragments)",NA,NA,NA,NA,NA,NA,7,"2022-05_PtCloates_stereo-BRUVS"
"4",2,"00000001","Biota","Unscorable",NA,NA,NA,NA,NA,NA,NA,NA,NA,6,"2022-05_PtCloates_stereo-BRUVS"
"5",2,"10000912","Biota","Sponges","Erect forms",NA,NA,NA,NA,NA,NA,NA,NA,3,"2022-05_PtCloates_stereo-BRUVS"
"6",2,"11168902","Biota","Cnidaria","Corals","Black & Octocorals","Branching (3D)",NA,NA,NA,NA,NA,NA,2,"2022-05_PtCloates_stereo-BRUVS"
"7",2,"11168912","Biota","Cnidaria","Corals","Black & Octocorals","Fan (2D)",NA,NA,NA,NA,NA,NA,9,"2022-05_PtCloates_stereo-BRUVS"
"8",3,"00000001","Biota","Unscorable",NA,NA,NA,NA,NA,NA,NA,NA,NA,7,"2022-05_PtCloates_stereo-BRUVS"
"9",3,"82001011","Physical","Substrate","Unconsolidated (soft)","Pebble / gravel","Gravel (2-10mm)",NA,NA,NA,NA,NA,NA,1,"2022-05_PtCloates_stereo-BRUVS"
"10",3,"82001015","Physical","Substrate","Unconsolidated (soft)","Sand / mud (<2mm)","Fine sand (no shell fragments)",NA,NA,NA,NA,NA,NA,12,"2022-05_PtCloates_stereo-BRUVS"
"11",4,"00000001","Biota","Unscorable",NA,NA,NA,NA,NA,NA,NA,NA,NA,2,"2022-05_PtCloates_stereo-BRUVS"
"12",4,"11168902","Biota","Cnidaria","Corals","Black & Octocorals","Branching (3D)",NA,NA,NA,NA,NA,NA,2,"2022-05_PtCloates_stereo-BRUVS"
"13",4,"82001011","Physical","Substrate","Unconsolidated (soft)","Pebble / gravel","Gravel (2-10mm)",NA,NA,NA,NA,NA,NA,1,"2022-05_PtCloates_stereo-BRUVS"
"14",4,"82001015","Physical","Substrate","Unconsolidated (soft)","Sand / mud (<2mm)","Fine sand (no shell fragments)",NA,NA,NA,NA,NA,NA,15,"2022-05_PtCloates_stereo-BRUVS"
"15",5,"00000001","Biota","Unscorable",NA,NA,NA,NA,NA,NA,NA,NA,NA,3,"2022-05_PtCloates_stereo-BRUVS"
"16",5,"11001000","Biota","Cnidaria","Hydroids",NA,NA,NA,NA,NA,NA,NA,NA,2,"2022-05_PtCloates_stereo-BRUVS"
"17",5,"82001015","Physical","Substrate","Unconsolidated (soft)","Sand / mud (<2mm)","Fine sand (no shell fragments)",NA,NA,NA,NA,NA,NA,15,"2022-05_PtCloates_stereo-BRUVS"
"18",6,"00000001","Biota","Unscorable",NA,NA,NA,NA,NA,NA,NA,NA,NA,11,"2022-05_PtCloates_stereo-BRUVS"
"19",6,"82001015","Physical","Substrate","Unconsolidated (soft)","Sand / mud (<2mm)","Fine sand (no shell fragments)",NA,NA,NA,NA,NA,NA,9,"2022-05_PtCloates_stereo-BRUVS"
"20",7,"00000001","Biota","Unscorable",NA,NA,NA,NA,NA,NA,NA,NA,NA,3,"2022-05_PtCloates_stereo-BRUVS"
"21",7,"11001000","Biota","Cnidaria","Hydroids",NA,NA,NA,NA,NA,NA,NA,NA,1,"2022-05_PtCloates_stereo-BRUVS"
"22",7,"82001015","Physical","Substrate","Unconsolidated (soft)","Sand / mud (<2mm)","Fine sand (no shell fragments)",NA,NA,NA,NA,NA,NA,16,"2022-05_PtCloates_stereo-BRUVS"
"23",8,"00000001","Biota","Unscorable",NA,NA,NA,NA,NA,NA,NA,NA,NA,10,"2022-05_PtCloates_stereo-BRUVS"
"24",8,"82001011","Physical","Substrate","Unconsolidated (soft)","Pebble / gravel","Gravel (2-10mm)",NA,NA,NA,NA,NA,NA,1,"2022-05_PtCloates_stereo-BRUVS"
"25",8,"82001015","Physical","Substrate","Unconsolidated (soft)","Sand / mud (<2mm)","Fine sand (no shell fragments)",NA,NA,NA,NA,NA,NA,9,"2022-05_PtCloates_stereo-BRUVS"
"26",9,"00000001","Biota","Unscorable",NA,NA,NA,NA,NA,NA,NA,NA,NA,5,"2022-05_PtCloates_stereo-BRUVS"
"27",9,"11168902","Biota","Cnidaria","Corals","Black & Octocorals","Branching (3D)",NA,NA,NA,NA,NA,NA,2,"2022-05_PtCloates_stereo-BRUVS"
"28",9,"82001011","Physical","Substrate","Unconsolidated (soft)","Pebble / gravel","Gravel (2-10mm)",NA,NA,NA,NA,NA,NA,1,"2022-05_PtCloates_stereo-BRUVS"
"29",9,"82001015","Physical","Substrate","Unconsolidated (soft)","Sand / mud (<2mm)","Fine sand (no shell fragments)",NA,NA,NA,NA,NA,NA,12,"2022-05_PtCloates_stereo-BRUVS"
"30",10,"00000001","Biota","Unscorable",NA,NA,NA,NA,NA,NA,NA,NA,NA,7,"2022-05_PtCloates_stereo-BRUVS"
"31",10,"00000002","Biota","Sessile invertebrates",NA,NA,NA,NA,NA,NA,NA,NA,NA,1,"2022-05_PtCloates_stereo-BRUVS"
"32",10,"11001000","Biota","Cnidaria","Hydroids",NA,NA,NA,NA,NA,NA,NA,NA,1,"2022-05_PtCloates_stereo-BRUVS"
"33",10,"82001015","Physical","Substrate","Unconsolidated (soft)","Sand / mud (<2mm)","Fine sand (no shell fragments)",NA,NA,NA,NA,NA,NA,11,"2022-05_PtCloates_stereo-BRUVS"
"34",11,"00000001","Biota","Unscorable",NA,NA,NA,NA,NA,NA,NA,NA,NA,5,"2022-05_PtCloates_stereo-BRUVS"
"35",11,"82001015","Physical","Substrate","Unconsolidated (soft)","Sand / mud (<2mm)","Fine sand (no shell fragments)",NA,NA,NA,NA,NA,NA,15,"2022-05_PtCloates_stereo-BRUVS"
"36",12,"00000001","Biota","Unscorable",NA,NA,NA,NA,NA,NA,NA,NA,NA,5,"2022-05_PtCloates_stereo-BRUVS"
"37",12,"00000002","Biota","Sessile invertebrates",NA,NA,NA,NA,NA,NA,NA,NA,NA,1,"2022-05_PtCloates_stereo-BRUVS"
"38",12,"10000000","Biota","Sponges",NA,NA,NA,NA,NA,NA,NA,NA,NA,1,"2022-05_PtCloates_stereo-BRUVS"
"39",12,"10000909","Biota","Sponges","Cup-likes",NA,NA,NA,NA,NA,NA,NA,NA,1,"2022-05_PtCloates_stereo-BRUVS"
"40",12,"82001015","Physical","Substrate","Unconsolidated (soft)","Sand / mud (<2mm)","Fine sand (no shell fragments)",NA,NA,NA,NA,NA,NA,12,"2022-05_PtCloates_stereo-BRUVS"
"41",13,"00000001","Biota","Unscorable",NA,NA,NA,NA,NA,NA,NA,NA,NA,12,"2022-05_PtCloates_stereo-BRUVS"
"42",13,"10000903","Biota","Sponges","Massive forms",NA,NA,NA,NA,NA,NA,NA,NA,1,"2022-05_PtCloates_stereo-BRUVS"
"43",13,"10000909","Biota","Sponges","Cup-likes",NA,NA,NA,NA,NA,NA,NA,NA,3,"2022-05_PtCloates_stereo-BRUVS"
"44",13,"82001015","Physical","Substrate","Unconsolidated (soft)","Sand / mud (<2mm)","Fine sand (no shell fragments)",NA,NA,NA,NA,NA,NA,4,"2022-05_PtCloates_stereo-BRUVS"
"45",14,"00000001","Biota","Unscorable",NA,NA,NA,NA,NA,NA,NA,NA,NA,3,"2022-05_PtCloates_stereo-BRUVS"
"46",14,"00000002","Biota","Sessile invertebrates",NA,NA,NA,NA,NA,NA,NA,NA,NA,1,"2022-05_PtCloates_stereo-BRUVS"
"47",14,"11001000","Biota","Cnidaria","Hydroids",NA,NA,NA,NA,NA,NA,NA,NA,1,"2022-05_PtCloates_stereo-BRUVS"
"48",14,"82001015","Physical","Substrate","Unconsolidated (soft)","Sand / mud (<2mm)","Fine sand (no shell fragments)",NA,NA,NA,NA,NA,NA,15,"2022-05_PtCloates_stereo-BRUVS"
"49",15,"00000001","Biota","Unscorable",NA,NA,NA,NA,NA,NA,NA,NA,NA,8,"2022-05_PtCloates_stereo-BRUVS"
"50",15,"11168902","Biota","Cnidaria","Corals","Black & Octocorals","Branching (3D)",NA,NA,NA,NA,NA,NA,2,"2022-05_PtCloates_stereo-BRUVS"
"51",15,"82001015","Physical","Substrate","Unconsolidated (soft)","Sand / mud (<2mm)","Fine sand (no shell fragments)",NA,NA,NA,NA,NA,NA,10,"2022-05_PtCloates_stereo-BRUVS"
"52",16,"00000001","Biota","Unscorable",NA,NA,NA,NA,NA,NA,NA,NA,NA,10,"2022-05_PtCloates_stereo-BRUVS"
"53",16,"82001011","Physical","Substrate","Unconsolidated (soft)","Pebble / gravel","Gravel (2-10mm)",NA,NA,NA,NA,NA,NA,2,"2022-05_PtCloates_stereo-BRUVS"
"54",16,"82001015","Physical","Substrate","Unconsolidated (soft)","Sand / mud (<2mm)","Fine sand (no shell fragments)",NA,NA,NA,NA,NA,NA,8,"2022-05_PtCloates_stereo-BRUVS"
"55",17,"00000001","Biota","Unscorable",NA,NA,NA,NA,NA,NA,NA,NA,NA,2,"2022-05_PtCloates_stereo-BRUVS"
"56",17,"00000002","Biota","Sessile invertebrates",NA,NA,NA,NA,NA,NA,NA,NA,NA,1,"2022-05_PtCloates_stereo-BRUVS"
"57",17,"10000912","Biota","Sponges","Erect forms",NA,NA,NA,NA,NA,NA,NA,NA,11,"2022-05_PtCloates_stereo-BRUVS"
"58",17,"11168902","Biota","Cnidaria","Corals","Black & Octocorals","Branching (3D)",NA,NA,NA,NA,NA,NA,2,"2022-05_PtCloates_stereo-BRUVS"
"59",17,"82001015","Physical","Substrate","Unconsolidated (soft)","Sand / mud (<2mm)","Fine sand (no shell fragments)",NA,NA,NA,NA,NA,NA,4,"2022-05_PtCloates_stereo-BRUVS"
"60",18,"00000001","Biota","Unscorable",NA,NA,NA,NA,NA,NA,NA,NA,NA,5,"2022-05_PtCloates_stereo-BRUVS"
"61",18,"82001015","Physical","Substrate","Unconsolidated (soft)","Sand / mud (<2mm)","Fine sand (no shell fragments)",NA,NA,NA,NA,NA,NA,15,"2022-05_PtCloates_stereo-BRUVS"
"62",19,"00000001","Biota","Unscorable",NA,NA,NA,NA,NA,NA,NA,NA,NA,5,"2022-05_PtCloates_stereo-BRUVS"
"63",19,"10000903","Biota","Sponges","Massive forms",NA,NA,NA,NA,NA,NA,NA,NA,3,"2022-05_PtCloates_stereo-BRUVS"
"64",19,"10000909","Biota","Sponges","Cup-likes",NA,NA,NA,NA,NA,NA,NA,NA,1,"2022-05_PtCloates_stereo-BRUVS"
"65",19,"11168902","Biota","Cnidaria","Corals","Black & Octocorals","Branching (3D)",NA,NA,NA,NA,NA,NA,1,"2022-05_PtCloates_stereo-BRUVS"
"66",19,"11168912","Biota","Cnidaria","Corals","Black & Octocorals","Fan (2D)",NA,NA,NA,NA,NA,NA,7,"2022-05_PtCloates_stereo-BRUVS"
"67",19,"82001015","Physical","Substrate","Unconsolidated (soft)","Sand / mud (<2mm)","Fine sand (no shell fragments)",NA,NA,NA,NA,NA,NA,3,"2022-05_PtCloates_stereo-BRUVS"
"68",20,"00000001","Biota","Unscorable",NA,NA,NA,NA,NA,NA,NA,NA,NA,10,"2022-05_PtCloates_stereo-BRUVS"
"69",20,"82001011","Physical","Substrate","Unconsolidated (soft)","Pebble / gravel","Gravel (2-10mm)",NA,NA,NA,NA,NA,NA,2,"2022-05_PtCloates_stereo-BRUVS"
"70",20,"82001015","Physical","Substrate","Unconsolidated (soft)","Sand / mud (<2mm)","Fine sand (no shell fragments)",NA,NA,NA,NA,NA,NA,8,"2022-05_PtCloates_stereo-BRUVS"
"71",21,"00000001","Biota","Unscorable",NA,NA,NA,NA,NA,NA,NA,NA,NA,6,"2022-05_PtCloates_stereo-BRUVS"
"72",21,"10000912","Biota","Sponges","Erect forms",NA,NA,NA,NA,NA,NA,NA,NA,2,"2022-05_PtCloates_stereo-BRUVS"
"73",21,"11168902","Biota","Cnidaria","Corals","Black & Octocorals","Branching (3D)",NA,NA,NA,NA,NA,NA,6,"2022-05_PtCloates_stereo-BRUVS"
"74",21,"11168912","Biota","Cnidaria","Corals","Black & Octocorals","Fan (2D)",NA,NA,NA,NA,NA,NA,1,"2022-05_PtCloates_stereo-BRUVS"
"75",21,"11168917","Biota","Cnidaria","Corals","Black & Octocorals","Whip",NA,NA,NA,NA,NA,NA,1,"2022-05_PtCloates_stereo-BRUVS"
"76",21,"82001015","Physical","Substrate","Unconsolidated (soft)","Sand / mud (<2mm)","Fine sand (no shell fragments)",NA,NA,NA,NA,NA,NA,4,"2022-05_PtCloates_stereo-BRUVS"
"77",22,"00000001","Biota","Unscorable",NA,NA,NA,NA,NA,NA,NA,NA,NA,7,"2022-05_PtCloates_stereo-BRUVS"
"78",22,"00000002","Biota","Sessile invertebrates",NA,NA,NA,NA,NA,NA,NA,NA,NA,2,"2022-05_PtCloates_stereo-BRUVS"
"79",22,"10000903","Biota","Sponges","Massive forms",NA,NA,NA,NA,NA,NA,NA,NA,2,"2022-05_PtCloates_stereo-BRUVS"
"80",22,"10000912","Biota","Sponges","Erect forms",NA,NA,NA,NA,NA,NA,NA,NA,1,"2022-05_PtCloates_stereo-BRUVS"
"81",22,"11168912","Biota","Cnidaria","Corals","Black & Octocorals","Fan (2D)",NA,NA,NA,NA,NA,NA,4,"2022-05_PtCloates_stereo-BRUVS"
"82",22,"11168917","Biota","Cnidaria","Corals","Black & Octocorals","Whip",NA,NA,NA,NA,NA,NA,2,"2022-05_PtCloates_stereo-BRUVS"
"83",22,"82001015","Physical","Substrate","Unconsolidated (soft)","Sand / mud (<2mm)","Fine sand (no shell fragments)",NA,NA,NA,NA,NA,NA,2,"2022-05_PtCloates_stereo-BRUVS"
"84",23,"00000001","Biota","Unscorable",NA,NA,NA,NA,NA,NA,NA,NA,NA,4,"2022-05_PtCloates_stereo-BRUVS"
"85",23,"82001015","Physical","Substrate","Unconsolidated (soft)","Sand / mud (<2mm)","Fine sand (no shell fragments)",NA,NA,NA,NA,NA,NA,16,"2022-05_PtCloates_stereo-BRUVS"
"86",24,"00000001","Biota","Unscorable",NA,NA,NA,NA,NA,NA,NA,NA,NA,5,"2022-05_PtCloates_stereo-BRUVS"
"87",24,"82001015","Physical","Substrate","Unconsolidated (soft)","Sand / mud (<2mm)","Fine sand (no shell fragments)",NA,NA,NA,NA,NA,NA,15,"2022-05_PtCloates_stereo-BRUVS"
"88",25,"00000001","Biota","Unscorable",NA,NA,NA,NA,NA,NA,NA,NA,NA,5,"2022-05_PtCloates_stereo-BRUVS"
"89",25,"10000912","Biota","Sponges","Erect forms",NA,NA,NA,NA,NA,NA,NA,NA,1,"2022-05_PtCloates_stereo-BRUVS"
"90",25,"11168912","Biota","Cnidaria","Corals","Black & Octocorals","Fan (2D)",NA,NA,NA,NA,NA,NA,1,"2022-05_PtCloates_stereo-BRUVS"
"91",25,"11168917","Biota","Cnidaria","Corals","Black & Octocorals","Whip",NA,NA,NA,NA,NA,NA,2,"2022-05_PtCloates_stereo-BRUVS"
"92",25,"82001015","Physical","Substrate","Unconsolidated (soft)","Sand / mud (<2mm)","Fine sand (no shell fragments)",NA,NA,NA,NA,NA,NA,11,"2022-05_PtCloates_stereo-BRUVS"
"93",26,"00000001","Biota","Unscorable",NA,NA,NA,NA,NA,NA,NA,NA,NA,3,"2022-05_PtCloates_stereo-BRUVS"
"94",26,"82001015","Physical","Substrate","Unconsolidated (soft)","Sand / mud (<2mm)","Fine sand (no shell fragments)",NA,NA,NA,NA,NA,NA,17,"2022-05_PtCloates_stereo-BRUVS"
"95",27,"00000001","Biota","Unscorable",NA,NA,NA,NA,NA,NA,NA,NA,NA,5,"2022-05_PtCloates_stereo-BRUVS"
"96",27,"00000002","Biota","Sessile invertebrates",NA,NA,NA,NA,NA,NA,NA,NA,NA,1,"2022-05_PtCloates_stereo-BRUVS"
"97",27,"82001015","Physical","Substrate","Unconsolidated (soft)","Sand / mud (<2mm)","Fine sand (no shell fragments)",NA,NA,NA,NA,NA,NA,14,"2022-05_PtCloates_stereo-BRUVS"
"98",28,"00000001","Biota","Unscorable",NA,NA,NA,NA,NA,NA,NA,NA,NA,3,"2022-05_PtCloates_stereo-BRUVS"
"99",28,"00000002","Biota","Sessile invertebrates",NA,NA,NA,NA,NA,NA,NA,NA,NA,1,"2022-05_PtCloates_stereo-BRUVS"
"100",28,"10000912","Biota","Sponges","Erect forms",NA,NA,NA,NA,NA,NA,NA,NA,1,"2022-05_PtCloates_stereo-BRUVS"
"101",28,"11168902","Biota","Cnidaria","Corals","Black & Octocorals","Branching (3D)",NA,NA,NA,NA,NA,NA,1,"2022-05_PtCloates_stereo-BRUVS"
"102",28,"82001011","Physical","Substrate","Unconsolidated (soft)","Pebble / gravel","Gravel (2-10mm)",NA,NA,NA,NA,NA,NA,1,"2022-05_PtCloates_stereo-BRUVS"
"103",28,"82001015","Physical","Substrate","Unconsolidated (soft)","Sand / mud (<2mm)","Fine sand (no shell fragments)",NA,NA,NA,NA,NA,NA,13,"2022-05_PtCloates_stereo-BRUVS"
"104",29,"00000001","Biota","Unscorable",NA,NA,NA,NA,NA,NA,NA,NA,NA,2,"2022-05_PtCloates_stereo-BRUVS"
"105",29,"11168902","Biota","Cnidaria","Corals","Black & Octocorals","Branching (3D)",NA,NA,NA,NA,NA,NA,4,"2022-05_PtCloates_stereo-BRUVS"
"106",29,"82001015","Physical","Substrate","Unconsolidated (soft)","Sand / mud (<2mm)","Fine sand (no shell fragments)",NA,NA,NA,NA,NA,NA,14,"2022-05_PtCloates_stereo-BRUVS"
"107",30,"00000001","Biota","Unscorable",NA,NA,NA,NA,NA,NA,NA,NA,NA,2,"2022-05_PtCloates_stereo-BRUVS"
"108",30,"11168902","Biota","Cnidaria","Corals","Black & Octocorals","Branching (3D)",NA,NA,NA,NA,NA,NA,1,"2022-05_PtCloates_stereo-BRUVS"
"109",30,"11168917","Biota","Cnidaria","Corals","Black & Octocorals","Whip",NA,NA,NA,NA,NA,NA,1,"2022-05_PtCloates_stereo-BRUVS"
"110",30,"82001015","Physical","Substrate","Unconsolidated (soft)","Sand / mud (<2mm)","Fine sand (no shell fragments)",NA,NA,NA,NA,NA,NA,16,"2022-05_PtCloates_stereo-BRUVS"
"111",31,"00000001","Biota","Unscorable",NA,NA,NA,NA,NA,NA,NA,NA,NA,5,"2022-05_PtCloates_stereo-BRUVS"
"112",31,"00000002","Biota","Sessile invertebrates",NA,NA,NA,NA,NA,NA,NA,NA,NA,3,"2022-05_PtCloates_stereo-BRUVS"
"113",31,"10000000","Biota","Sponges",NA,NA,NA,NA,NA,NA,NA,NA,NA,1,"2022-05_PtCloates_stereo-BRUVS"
"114",31,"11168912","Biota","Cnidaria","Corals","Black & Octocorals","Fan (2D)",NA,NA,NA,NA,NA,NA,1,"2022-05_PtCloates_stereo-BRUVS"
"115",31,"82001015","Physical","Substrate","Unconsolidated (soft)","Sand / mud (<2mm)","Fine sand (no shell fragments)",NA,NA,NA,NA,NA,NA,10,"2022-05_PtCloates_stereo-BRUVS"
"116",32,"00000001","Biota","Unscorable",NA,NA,NA,NA,NA,NA,NA,NA,NA,7,"2022-05_PtCloates_stereo-BRUVS"
"117",32,"00000002","Biota","Sessile invertebrates",NA,NA,NA,NA,NA,NA,NA,NA,NA,1,"2022-05_PtCloates_stereo-BRUVS"
"118",32,"11001000","Biota","Cnidaria","Hydroids",NA,NA,NA,NA,NA,NA,NA,NA,1,"2022-05_PtCloates_stereo-BRUVS"
"119",32,"82001015","Physical","Substrate","Unconsolidated (soft)","Sand / mud (<2mm)","Fine sand (no shell fragments)",NA,NA,NA,NA,NA,NA,11,"2022-05_PtCloates_stereo-BRUVS"
"120",33,"00000001","Biota","Unscorable",NA,NA,NA,NA,NA,NA,NA,NA,NA,8,"2022-05_PtCloates_stereo-BRUVS"
"121",33,"82001015","Physical","Substrate","Unconsolidated (soft)","Sand / mud (<2mm)","Fine sand (no shell fragments)",NA,NA,NA,NA,NA,NA,12,"2022-05_PtCloates_stereo-BRUVS"
"122",34,"00000001","Biota","Unscorable",NA,NA,NA,NA,NA,NA,NA,NA,NA,5,"2022-05_PtCloates_stereo-BRUVS"
"123",34,"00000002","Biota","Sessile invertebrates",NA,NA,NA,NA,NA,NA,NA,NA,NA,1,"2022-05_PtCloates_stereo-BRUVS"
"124",34,"11168902","Biota","Cnidaria","Corals","Black & Octocorals","Branching (3D)",NA,NA,NA,NA,NA,NA,3,"2022-05_PtCloates_stereo-BRUVS"
"125",34,"82001015","Physical","Substrate","Unconsolidated (soft)","Sand / mud (<2mm)","Fine sand (no shell fragments)",NA,NA,NA,NA,NA,NA,11,"2022-05_PtCloates_stereo-BRUVS"
"126",35,"00000001","Biota","Unscorable",NA,NA,NA,NA,NA,NA,NA,NA,NA,7,"2022-05_PtCloates_stereo-BRUVS"
"127",35,"00000002","Biota","Sessile invertebrates",NA,NA,NA,NA,NA,NA,NA,NA,NA,1,"2022-05_PtCloates_stereo-BRUVS"
"128",35,"11168902","Biota","Cnidaria","Corals","Black & Octocorals","Branching (3D)",NA,NA,NA,NA,NA,NA,1,"2022-05_PtCloates_stereo-BRUVS"
"129",35,"82001015","Physical","Substrate","Unconsolidated (soft)","Sand / mud (<2mm)","Fine sand (no shell fragments)",NA,NA,NA,NA,NA,NA,11,"2022-05_PtCloates_stereo-BRUVS"
"130",36,"11168917","Biota","Cnidaria","Corals","Black & Octocorals","Whip",NA,NA,NA,NA,NA,NA,1,"2022-05_PtCloates_stereo-BRUVS"
"131",36,"82001015","Physical","Substrate","Unconsolidated (soft)","Sand / mud (<2mm)","Fine sand (no shell fragments)",NA,NA,NA,NA,NA,NA,19,"2022-05_PtCloates_stereo-BRUVS"
"132",37,"00000001","Biota","Unscorable",NA,NA,NA,NA,NA,NA,NA,NA,NA,4,"2022-05_PtCloates_stereo-BRUVS"
"133",37,"10000000","Biota","Sponges",NA,NA,NA,NA,NA,NA,NA,NA,NA,2,"2022-05_PtCloates_stereo-BRUVS"
"134",37,"10000909","Biota","Sponges","Cup-likes",NA,NA,NA,NA,NA,NA,NA,NA,2,"2022-05_PtCloates_stereo-BRUVS"
"135",37,"10000912","Biota","Sponges","Erect forms",NA,NA,NA,NA,NA,NA,NA,NA,4,"2022-05_PtCloates_stereo-BRUVS"
"136",37,"11168902","Biota","Cnidaria","Corals","Black & Octocorals","Branching (3D)",NA,NA,NA,NA,NA,NA,1,"2022-05_PtCloates_stereo-BRUVS"
"137",37,"11168917","Biota","Cnidaria","Corals","Black & Octocorals","Whip",NA,NA,NA,NA,NA,NA,1,"2022-05_PtCloates_stereo-BRUVS"
"138",37,"82001015","Physical","Substrate","Unconsolidated (soft)","Sand / mud (<2mm)","Fine sand (no shell fragments)",NA,NA,NA,NA,NA,NA,6,"2022-05_PtCloates_stereo-BRUVS"
"139",38,"00000001","Biota","Unscorable",NA,NA,NA,NA,NA,NA,NA,NA,NA,8,"2022-05_PtCloates_stereo-BRUVS"
"140",38,"00000002","Biota","Sessile invertebrates",NA,NA,NA,NA,NA,NA,NA,NA,NA,2,"2022-05_PtCloates_stereo-BRUVS"
"141",38,"11168902","Biota","Cnidaria","Corals","Black & Octocorals","Branching (3D)",NA,NA,NA,NA,NA,NA,4,"2022-05_PtCloates_stereo-BRUVS"
"142",38,"11168912","Biota","Cnidaria","Corals","Black & Octocorals","Fan (2D)",NA,NA,NA,NA,NA,NA,3,"2022-05_PtCloates_stereo-BRUVS"
"143",38,"82001015","Physical","Substrate","Unconsolidated (soft)","Sand / mud (<2mm)","Fine sand (no shell fragments)",NA,NA,NA,NA,NA,NA,3,"2022-05_PtCloates_stereo-BRUVS"
"144",39,"00000001","Biota","Unscorable",NA,NA,NA,NA,NA,NA,NA,NA,NA,1,"2022-05_PtCloates_stereo-BRUVS"
"145",39,"00000002","Biota","Sessile invertebrates",NA,NA,NA,NA,NA,NA,NA,NA,NA,3,"2022-05_PtCloates_stereo-BRUVS"
"146",39,"10000000","Biota","Sponges",NA,NA,NA,NA,NA,NA,NA,NA,NA,1,"2022-05_PtCloates_stereo-BRUVS"
"147",39,"10000903","Biota","Sponges","Massive forms",NA,NA,NA,NA,NA,NA,NA,NA,1,"2022-05_PtCloates_stereo-BRUVS"
"148",39,"10000912","Biota","Sponges","Erect forms",NA,NA,NA,NA,NA,NA,NA,NA,3,"2022-05_PtCloates_stereo-BRUVS"
"149",39,"82001015","Physical","Substrate","Unconsolidated (soft)","Sand / mud (<2mm)","Fine sand (no shell fragments)",NA,NA,NA,NA,NA,NA,11,"2022-05_PtCloates_stereo-BRUVS"
"150",40,"00000001","Biota","Unscorable",NA,NA,NA,NA,NA,NA,NA,NA,NA,11,"2022-05_PtCloates_stereo-BRUVS"
"151",40,"82001015","Physical","Substrate","Unconsolidated (soft)","Sand / mud (<2mm)","Fine sand (no shell fragments)",NA,NA,NA,NA,NA,NA,9,"2022-05_PtCloates_stereo-BRUVS"
"152",41,"00000001","Biota","Unscorable",NA,NA,NA,NA,NA,NA,NA,NA,NA,8,"2022-05_PtCloates_stereo-BRUVS"
"153",41,"11168902","Biota","Cnidaria","Corals","Black & Octocorals","Branching (3D)",NA,NA,NA,NA,NA,NA,2,"2022-05_PtCloates_stereo-BRUVS"
"154",41,"82001015","Physical","Substrate","Unconsolidated (soft)","Sand / mud (<2mm)","Fine sand (no shell fragments)",NA,NA,NA,NA,NA,NA,10,"2022-05_PtCloates_stereo-BRUVS"
"155",42,"00000001","Biota","Unscorable",NA,NA,NA,NA,NA,NA,NA,NA,NA,2,"2022-05_PtCloates_stereo-BRUVS"
"156",42,"11168902","Biota","Cnidaria","Corals","Black & Octocorals","Branching (3D)",NA,NA,NA,NA,NA,NA,2,"2022-05_PtCloates_stereo-BRUVS"
"157",42,"82001015","Physical","Substrate","Unconsolidated (soft)","Sand / mud (<2mm)","Fine sand (no shell fragments)",NA,NA,NA,NA,NA,NA,16,"2022-05_PtCloates_stereo-BRUVS"
"158",43,"00000001","Biota","Unscorable",NA,NA,NA,NA,NA,NA,NA,NA,NA,9,"2022-05_PtCloates_stereo-BRUVS"
"159",43,"10000909","Biota","Sponges","Cup-likes",NA,NA,NA,NA,NA,NA,NA,NA,2,"2022-05_PtCloates_stereo-BRUVS"
"160",43,"11168902","Biota","Cnidaria","Corals","Black & Octocorals","Branching (3D)",NA,NA,NA,NA,NA,NA,2,"2022-05_PtCloates_stereo-BRUVS"
"161",43,"82001011","Physical","Substrate","Unconsolidated (soft)","Pebble / gravel","Gravel (2-10mm)",NA,NA,NA,NA,NA,NA,1,"2022-05_PtCloates_stereo-BRUVS"
"162",43,"82001015","Physical","Substrate","Unconsolidated (soft)","Sand / mud (<2mm)","Fine sand (no shell fragments)",NA,NA,NA,NA,NA,NA,6,"2022-05_PtCloates_stereo-BRUVS"
"163",44,"00000001","Biota","Unscorable",NA,NA,NA,NA,NA,NA,NA,NA,NA,7,"2022-05_PtCloates_stereo-BRUVS"
"164",44,"82001015","Physical","Substrate","Unconsolidated (soft)","Sand / mud (<2mm)","Fine sand (no shell fragments)",NA,NA,NA,NA,NA,NA,13,"2022-05_PtCloates_stereo-BRUVS"
"165",45,"00000001","Biota","Unscorable",NA,NA,NA,NA,NA,NA,NA,NA,NA,9,"2022-05_PtCloates_stereo-BRUVS"
"166",45,"10000912","Biota","Sponges","Erect forms",NA,NA,NA,NA,NA,NA,NA,NA,1,"2022-05_PtCloates_stereo-BRUVS"
"167",45,"11168902","Biota","Cnidaria","Corals","Black & Octocorals","Branching (3D)",NA,NA,NA,NA,NA,NA,4,"2022-05_PtCloates_stereo-BRUVS"
"168",45,"82001015","Physical","Substrate","Unconsolidated (soft)","Sand / mud (<2mm)","Fine sand (no shell fragments)",NA,NA,NA,NA,NA,NA,6,"2022-05_PtCloates_stereo-BRUVS"
"169",46,"10000909","Biota","Sponges","Cup-likes",NA,NA,NA,NA,NA,NA,NA,NA,1,"2022-05_PtCloates_stereo-BRUVS"
"170",46,"11168912","Biota","Cnidaria","Corals","Black & Octocorals","Fan (2D)",NA,NA,NA,NA,NA,NA,19,"2022-05_PtCloates_stereo-BRUVS"
"171",47,"00000001","Biota","Unscorable",NA,NA,NA,NA,NA,NA,NA,NA,NA,7,"2022-05_PtCloates_stereo-BRUVS"
"172",47,"00000002","Biota","Sessile invertebrates",NA,NA,NA,NA,NA,NA,NA,NA,NA,1,"2022-05_PtCloates_stereo-BRUVS"
"173",47,"82001015","Physical","Substrate","Unconsolidated (soft)","Sand / mud (<2mm)","Fine sand (no shell fragments)",NA,NA,NA,NA,NA,NA,12,"2022-05_PtCloates_stereo-BRUVS"
"174",48,"00000001","Biota","Unscorable",NA,NA,NA,NA,NA,NA,NA,NA,NA,8,"2022-05_PtCloates_stereo-BRUVS"
"175",48,"82001015","Physical","Substrate","Unconsolidated (soft)","Sand / mud (<2mm)","Fine sand (no shell fragments)",NA,NA,NA,NA,NA,NA,12,"2022-05_PtCloates_stereo-BRUVS"
"176",50,"00000001","Biota","Unscorable",NA,NA,NA,NA,NA,NA,NA,NA,NA,5,"2022-05_PtCloates_stereo-BRUVS"
"177",50,"00000002","Biota","Sessile invertebrates",NA,NA,NA,NA,NA,NA,NA,NA,NA,2,"2022-05_PtCloates_stereo-BRUVS"
"178",50,"10000903","Biota","Sponges","Massive forms",NA,NA,NA,NA,NA,NA,NA,NA,1,"2022-05_PtCloates_stereo-BRUVS"
"179",50,"82001015","Physical","Substrate","Unconsolidated (soft)","Sand / mud (<2mm)","Fine sand (no shell fragments)",NA,NA,NA,NA,NA,NA,12,"2022-05_PtCloates_stereo-BRUVS"
"180",51,"00000001","Biota","Unscorable",NA,NA,NA,NA,NA,NA,NA,NA,NA,3,"2022-05_PtCloates_stereo-BRUVS"
"181",51,"10000000","Biota","Sponges",NA,NA,NA,NA,NA,NA,NA,NA,NA,1,"2022-05_PtCloates_stereo-BRUVS"
"182",51,"10000903","Biota","Sponges","Massive forms",NA,NA,NA,NA,NA,NA,NA,NA,1,"2022-05_PtCloates_stereo-BRUVS"
"183",51,"11168902","Biota","Cnidaria","Corals","Black & Octocorals","Branching (3D)",NA,NA,NA,NA,NA,NA,1,"2022-05_PtCloates_stereo-BRUVS"
"184",51,"11168912","Biota","Cnidaria","Corals","Black & Octocorals","Fan (2D)",NA,NA,NA,NA,NA,NA,2,"2022-05_PtCloates_stereo-BRUVS"
"185",51,"82001015","Physical","Substrate","Unconsolidated (soft)","Sand / mud (<2mm)","Fine sand (no shell fragments)",NA,NA,NA,NA,NA,NA,12,"2022-05_PtCloates_stereo-BRUVS"
"186",52,"00000001","Biota","Unscorable",NA,NA,NA,NA,NA,NA,NA,NA,NA,5,"2022-05_PtCloates_stereo-BRUVS"
"187",52,"00000002","Biota","Sessile invertebrates",NA,NA,NA,NA,NA,NA,NA,NA,NA,1,"2022-05_PtCloates_stereo-BRUVS"
"188",52,"11168902","Biota","Cnidaria","Corals","Black & Octocorals","Branching (3D)",NA,NA,NA,NA,NA,NA,1,"2022-05_PtCloates_stereo-BRUVS"
"189",52,"82001015","Physical","Substrate","Unconsolidated (soft)","Sand / mud (<2mm)","Fine sand (no shell fragments)",NA,NA,NA,NA,NA,NA,12,"2022-05_PtCloates_stereo-BRUVS"
"190",53,"00000001","Biota","Unscorable",NA,NA,NA,NA,NA,NA,NA,NA,NA,7,"2022-05_PtCloates_stereo-BRUVS"
"191",53,"10000000","Biota","Sponges",NA,NA,NA,NA,NA,NA,NA,NA,NA,2,"2022-05_PtCloates_stereo-BRUVS"
"192",53,"10000909","Biota","Sponges","Cup-likes",NA,NA,NA,NA,NA,NA,NA,NA,4,"2022-05_PtCloates_stereo-BRUVS"
"193",53,"10000912","Biota","Sponges","Erect forms",NA,NA,NA,NA,NA,NA,NA,NA,1,"2022-05_PtCloates_stereo-BRUVS"
"194",53,"11168902","Biota","Cnidaria","Corals","Black & Octocorals","Branching (3D)",NA,NA,NA,NA,NA,NA,3,"2022-05_PtCloates_stereo-BRUVS"
"195",53,"11168912","Biota","Cnidaria","Corals","Black & Octocorals","Fan (2D)",NA,NA,NA,NA,NA,NA,1,"2022-05_PtCloates_stereo-BRUVS"
"196",53,"11168917","Biota","Cnidaria","Corals","Black & Octocorals","Whip",NA,NA,NA,NA,NA,NA,1,"2022-05_PtCloates_stereo-BRUVS"
"197",53,"82001015","Physical","Substrate","Unconsolidated (soft)","Sand / mud (<2mm)","Fine sand (no shell fragments)",NA,NA,NA,NA,NA,NA,1,"2022-05_PtCloates_stereo-BRUVS"
"198",54,"00000001","Biota","Unscorable",NA,NA,NA,NA,NA,NA,NA,NA,NA,10,"2022-05_PtCloates_stereo-BRUVS"
"199",54,"11168902","Biota","Cnidaria","Corals","Black & Octocorals","Branching (3D)",NA,NA,NA,NA,NA,NA,1,"2022-05_PtCloates_stereo-BRUVS"
"200",54,"11168917","Biota","Cnidaria","Corals","Black & Octocorals","Whip",NA,NA,NA,NA,NA,NA,1,"2022-05_PtCloates_stereo-BRUVS"
"201",54,"82001015","Physical","Substrate","Unconsolidated (soft)","Sand / mud (<2mm)","Fine sand (no shell fragments)",NA,NA,NA,NA,NA,NA,8,"2022-05_PtCloates_stereo-BRUVS"
"202",55,"00000001","Biota","Unscorable",NA,NA,NA,NA,NA,NA,NA,NA,NA,5,"2022-05_PtCloates_stereo-BRUVS"
"203",55,"10000903","Biota","Sponges","Massive forms",NA,NA,NA,NA,NA,NA,NA,NA,6,"2022-05_PtCloates_stereo-BRUVS"
"204",55,"10000909","Biota","Sponges","Cup-likes",NA,NA,NA,NA,NA,NA,NA,NA,1,"2022-05_PtCloates_stereo-BRUVS"
"205",55,"11168902","Biota","Cnidaria","Corals","Black & Octocorals","Branching (3D)",NA,NA,NA,NA,NA,NA,3,"2022-05_PtCloates_stereo-BRUVS"
"206",55,"82001015","Physical","Substrate","Unconsolidated (soft)","Sand / mud (<2mm)","Fine sand (no shell fragments)",NA,NA,NA,NA,NA,NA,5,"2022-05_PtCloates_stereo-BRUVS"
"207",56,"00000001","Biota","Unscorable",NA,NA,NA,NA,NA,NA,NA,NA,NA,6,"2022-05_PtCloates_stereo-BRUVS"
"208",56,"82001015","Physical","Substrate","Unconsolidated (soft)","Sand / mud (<2mm)","Fine sand (no shell fragments)",NA,NA,NA,NA,NA,NA,14,"2022-05_PtCloates_stereo-BRUVS"
"209",57,"00000001","Biota","Unscorable",NA,NA,NA,NA,NA,NA,NA,NA,NA,4,"2022-05_PtCloates_stereo-BRUVS"
"210",57,"10000903","Biota","Sponges","Massive forms",NA,NA,NA,NA,NA,NA,NA,NA,3,"2022-05_PtCloates_stereo-BRUVS"
"211",57,"11168902","Biota","Cnidaria","Corals","Black & Octocorals","Branching (3D)",NA,NA,NA,NA,NA,NA,5,"2022-05_PtCloates_stereo-BRUVS"
"212",57,"11168912","Biota","Cnidaria","Corals","Black & Octocorals","Fan (2D)",NA,NA,NA,NA,NA,NA,2,"2022-05_PtCloates_stereo-BRUVS"
"213",57,"82001015","Physical","Substrate","Unconsolidated (soft)","Sand / mud (<2mm)","Fine sand (no shell fragments)",NA,NA,NA,NA,NA,NA,6,"2022-05_PtCloates_stereo-BRUVS"
"214",58,"00000001","Biota","Unscorable",NA,NA,NA,NA,NA,NA,NA,NA,NA,9,"2022-05_PtCloates_stereo-BRUVS"
"215",58,"11168902","Biota","Cnidaria","Corals","Black & Octocorals","Branching (3D)",NA,NA,NA,NA,NA,NA,1,"2022-05_PtCloates_stereo-BRUVS"
"216",58,"82001015","Physical","Substrate","Unconsolidated (soft)","Sand / mud (<2mm)","Fine sand (no shell fragments)",NA,NA,NA,NA,NA,NA,10,"2022-05_PtCloates_stereo-BRUVS"
"217",59,"00000001","Biota","Unscorable",NA,NA,NA,NA,NA,NA,NA,NA,NA,11,"2022-05_PtCloates_stereo-BRUVS"
"218",59,"00000002","Biota","Sessile invertebrates",NA,NA,NA,NA,NA,NA,NA,NA,NA,1,"2022-05_PtCloates_stereo-BRUVS"
"219",59,"10000912","Biota","Sponges","Erect forms",NA,NA,NA,NA,NA,NA,NA,NA,1,"2022-05_PtCloates_stereo-BRUVS"
"220",59,"11168902","Biota","Cnidaria","Corals","Black & Octocorals","Branching (3D)",NA,NA,NA,NA,NA,NA,1,"2022-05_PtCloates_stereo-BRUVS"
"221",59,"82001015","Physical","Substrate","Unconsolidated (soft)","Sand / mud (<2mm)","Fine sand (no shell fragments)",NA,NA,NA,NA,NA,NA,6,"2022-05_PtCloates_stereo-BRUVS"
"222",60,"00000001","Biota","Unscorable",NA,NA,NA,NA,NA,NA,NA,NA,NA,13,"2022-05_PtCloates_stereo-BRUVS"
"223",60,"10000903","Biota","Sponges","Massive forms",NA,NA,NA,NA,NA,NA,NA,NA,1,"2022-05_PtCloates_stereo-BRUVS"
"224",60,"11168917","Biota","Cnidaria","Corals","Black & Octocorals","Whip",NA,NA,NA,NA,NA,NA,1,"2022-05_PtCloates_stereo-BRUVS"
"225",60,"82001015","Physical","Substrate","Unconsolidated (soft)","Sand / mud (<2mm)","Fine sand (no shell fragments)",NA,NA,NA,NA,NA,NA,5,"2022-05_PtCloates_stereo-BRUVS"
"226",61,"00000001","Biota","Unscorable",NA,NA,NA,NA,NA,NA,NA,NA,NA,3,"2022-05_PtCloates_stereo-BRUVS"
"227",61,"00000002","Biota","Sessile invertebrates",NA,NA,NA,NA,NA,NA,NA,NA,NA,1,"2022-05_PtCloates_stereo-BRUVS"
"228",61,"11168912","Biota","Cnidaria","Corals","Black & Octocorals","Fan (2D)",NA,NA,NA,NA,NA,NA,6,"2022-05_PtCloates_stereo-BRUVS"
"229",61,"82001015","Physical","Substrate","Unconsolidated (soft)","Sand / mud (<2mm)","Fine sand (no shell fragments)",NA,NA,NA,NA,NA,NA,10,"2022-05_PtCloates_stereo-BRUVS"
"230",62,"00000001","Biota","Unscorable",NA,NA,NA,NA,NA,NA,NA,NA,NA,2,"2022-05_PtCloates_stereo-BRUVS"
"231",62,"00000002","Biota","Sessile invertebrates",NA,NA,NA,NA,NA,NA,NA,NA,NA,1,"2022-05_PtCloates_stereo-BRUVS"
"232",62,"10000000","Biota","Sponges",NA,NA,NA,NA,NA,NA,NA,NA,NA,1,"2022-05_PtCloates_stereo-BRUVS"
"233",62,"10000903","Biota","Sponges","Massive forms",NA,NA,NA,NA,NA,NA,NA,NA,1,"2022-05_PtCloates_stereo-BRUVS"
"234",62,"10000909","Biota","Sponges","Cup-likes",NA,NA,NA,NA,NA,NA,NA,NA,2,"2022-05_PtCloates_stereo-BRUVS"
"235",62,"10000912","Biota","Sponges","Erect forms",NA,NA,NA,NA,NA,NA,NA,NA,2,"2022-05_PtCloates_stereo-BRUVS"
"236",62,"11168902","Biota","Cnidaria","Corals","Black & Octocorals","Branching (3D)",NA,NA,NA,NA,NA,NA,3,"2022-05_PtCloates_stereo-BRUVS"
"237",62,"82001015","Physical","Substrate","Unconsolidated (soft)","Sand / mud (<2mm)","Fine sand (no shell fragments)",NA,NA,NA,NA,NA,NA,8,"2022-05_PtCloates_stereo-BRUVS"
"238",63,"00000001","Biota","Unscorable",NA,NA,NA,NA,NA,NA,NA,NA,NA,10,"2022-05_PtCloates_stereo-BRUVS"
"239",63,"11001000","Biota","Cnidaria","Hydroids",NA,NA,NA,NA,NA,NA,NA,NA,1,"2022-05_PtCloates_stereo-BRUVS"
"240",63,"82001015","Physical","Substrate","Unconsolidated (soft)","Sand / mud (<2mm)","Fine sand (no shell fragments)",NA,NA,NA,NA,NA,NA,9,"2022-05_PtCloates_stereo-BRUVS"
"241",64,"00000001","Biota","Unscorable",NA,NA,NA,NA,NA,NA,NA,NA,NA,6,"2022-05_PtCloates_stereo-BRUVS"
"242",64,"11168902","Biota","Cnidaria","Corals","Black & Octocorals","Branching (3D)",NA,NA,NA,NA,NA,NA,1,"2022-05_PtCloates_stereo-BRUVS"
"243",64,"82001015","Physical","Substrate","Unconsolidated (soft)","Sand / mud (<2mm)","Fine sand (no shell fragments)",NA,NA,NA,NA,NA,NA,13,"2022-05_PtCloates_stereo-BRUVS"
