"sample","longitude","latitude","Substrate","Macroalgae","Seagrasses","Cnidaria","grouping"
"https://gaiastaging.duckdns.org/api/data/SynthesisSample/26183/?format=feather",115.2142,-33.3635,10,0,0,0,"1"
"https://gaiastaging.duckdns.org/api/data/SynthesisSample/26184/?format=feather",115.101,-33.4405,0,10,0,0,"2"
"https://gaiastaging.duckdns.org/api/data/SynthesisSample/26185/?format=feather",115.3549,-33.4921,10,0,0,0,"3"
"https://gaiastaging.duckdns.org/api/data/SynthesisSample/26186/?format=feather",115.2281,-33.3921,10,0,0,0,"4"
"https://gaiastaging.duckdns.org/api/data/SynthesisSample/26187/?format=feather",115.455,-33.3628,6,0,4,0,"5"
"https://gaiastaging.duckdns.org/api/data/SynthesisSample/26188/?format=feather",115.1204,-33.4071,10,0,0,0,"6"
"https://gaiastaging.duckdns.org/api/data/SynthesisSample/26189/?format=feather",115.4457,-33.4205,15,0,0,0,"7"
"https://gaiastaging.duckdns.org/api/data/SynthesisSample/26190/?format=feather",115.1361,-33.3643,10,0,0,0,"8"
"https://gaiastaging.duckdns.org/api/data/SynthesisSample/26191/?format=feather",115.3313,-33.5282,6,0,9,0,"9"
"https://gaiastaging.duckdns.org/api/data/SynthesisSample/26192/?format=feather",115.2958,-33.5712,3,0,7,0,"10"
"https://gaiastaging.duckdns.org/api/data/SynthesisSample/26193/?format=feather",115.2616,-33.404,10,0,0,0,"11"
"https://gaiastaging.duckdns.org/api/data/SynthesisSample/26194/?format=feather",115.0925,-33.4502,15,0,0,0,"12"
"https://gaiastaging.duckdns.org/api/data/SynthesisSample/26195/?format=feather",115.413,-33.5297,2,0,11,0,"13"
"https://gaiastaging.duckdns.org/api/data/SynthesisSample/26196/?format=feather",115.2148,-33.5782,0,0,10,0,"14"
"https://gaiastaging.duckdns.org/api/data/SynthesisSample/26197/?format=feather",115.4986,-33.3889,0,0,3,0,"15"
"https://gaiastaging.duckdns.org/api/data/SynthesisSample/26198/?format=feather",115.2327,-33.3636,6,0,5,0,"16"
"https://gaiastaging.duckdns.org/api/data/SynthesisSample/26199/?format=feather",115.0981,-33.3926,10,0,0,0,"17"
"https://gaiastaging.duckdns.org/api/data/SynthesisSample/26200/?format=feather",115.3618,-33.4605,10,0,0,0,"18"
"https://gaiastaging.duckdns.org/api/data/SynthesisSample/26201/?format=feather",115.2221,-33.4339,10,0,0,0,"19"
"https://gaiastaging.duckdns.org/api/data/SynthesisSample/26202/?format=feather",115.1807,-33.5746,0,0,10,0,"20"
"https://gaiastaging.duckdns.org/api/data/SynthesisSample/26203/?format=feather",115.4289,-33.5042,0,0,10,0,"21"
"https://gaiastaging.duckdns.org/api/data/SynthesisSample/26204/?format=feather",115.2862,-33.4712,5,0,0,0,"22"
"https://gaiastaging.duckdns.org/api/data/SynthesisSample/26205/?format=feather",115.0828,-33.3833,10,0,0,0,"23"
"https://gaiastaging.duckdns.org/api/data/SynthesisSample/26206/?format=feather",115.3236,-33.55,0,0,11,0,"24"
"https://gaiastaging.duckdns.org/api/data/SynthesisSample/26207/?format=feather",115.1884,-33.5464,10,0,0,0,"25"
"https://gaiastaging.duckdns.org/api/data/SynthesisSample/26208/?format=feather",115.2873,-33.4272,3,7,0,0,"26"
"https://gaiastaging.duckdns.org/api/data/SynthesisSample/26209/?format=feather",115.1764,-33.487,0,13,0,0,"27"
"https://gaiastaging.duckdns.org/api/data/SynthesisSample/26210/?format=feather",115.3341,-33.4241,5,0,0,0,"28"
"https://gaiastaging.duckdns.org/api/data/SynthesisSample/26211/?format=feather",115.2369,-33.5986,10,0,0,0,"29"
"https://gaiastaging.duckdns.org/api/data/SynthesisSample/26212/?format=feather",115.4621,-33.4808,0,0,10,0,"30"
"https://gaiastaging.duckdns.org/api/data/SynthesisSample/26213/?format=feather",115.3205,-33.3528,3,4,3,0,"31"
"https://gaiastaging.duckdns.org/api/data/SynthesisSample/26214/?format=feather",115.0739,-33.3845,10,0,0,0,"32"
"https://gaiastaging.duckdns.org/api/data/SynthesisSample/26215/?format=feather",115.4157,-33.4055,0,0,8,0,"33"
"https://gaiastaging.duckdns.org/api/data/SynthesisSample/26216/?format=feather",115.2077,-33.4269,10,0,0,0,"34"
"https://gaiastaging.duckdns.org/api/data/SynthesisSample/26217/?format=feather",115.3721,-33.3585,10,0,0,0,"35"
"https://gaiastaging.duckdns.org/api/data/SynthesisSample/26218/?format=feather",115.1274,-33.5037,7,0,0,0,"36"
"https://gaiastaging.duckdns.org/api/data/SynthesisSample/26219/?format=feather",115.4329,-33.465,0,0,5,0,"37"
"https://gaiastaging.duckdns.org/api/data/SynthesisSample/26220/?format=feather",115.2287,-33.472,10,0,0,0,"38"
"https://gaiastaging.duckdns.org/api/data/SynthesisSample/26221/?format=feather",115.0986,-33.3679,5,0,0,0,"39"
"https://gaiastaging.duckdns.org/api/data/SynthesisSample/26222/?format=feather",115.3862,-33.5425,0,0,10,0,"40"
"https://gaiastaging.duckdns.org/api/data/SynthesisSample/26223/?format=feather",115.3097,-33.3984,5,0,3,0,"41"
"https://gaiastaging.duckdns.org/api/data/SynthesisSample/26224/?format=feather",115.1317,-33.4446,5,0,0,0,"42"
"https://gaiastaging.duckdns.org/api/data/SynthesisSample/26225/?format=feather",115.2878,-33.5485,4,0,3,0,"43"
"https://gaiastaging.duckdns.org/api/data/SynthesisSample/26226/?format=feather",115.5134,-33.4028,0,0,15,0,"44"
"https://gaiastaging.duckdns.org/api/data/SynthesisSample/26227/?format=feather",115.2721,-33.3809,10,0,0,0,"45"
"https://gaiastaging.duckdns.org/api/data/SynthesisSample/26228/?format=feather",115.1742,-33.4108,0,16,0,0,"46"
"https://gaiastaging.duckdns.org/api/data/SynthesisSample/26229/?format=feather",115.4137,-33.4316,0,0,10,0,"47"
"https://gaiastaging.duckdns.org/api/data/SynthesisSample/26230/?format=feather",115.2982,-33.4927,8,0,0,0,"48"
"https://gaiastaging.duckdns.org/api/data/SynthesisSample/26231/?format=feather",115.3565,-33.3582,10,0,0,0,"49"
"https://gaiastaging.duckdns.org/api/data/SynthesisSample/26232/?format=feather",115.1532,-33.5131,8,0,2,0,"50"
"https://gaiastaging.duckdns.org/api/data/SynthesisSample/26233/?format=feather",115.2801,-33.5709,4,0,6,0,"51"
"https://gaiastaging.duckdns.org/api/data/SynthesisSample/26234/?format=feather",115.2224,-33.4953,9,0,1,0,"52"
"https://gaiastaging.duckdns.org/api/data/SynthesisSample/26235/?format=feather",115.3796,-33.5697,0,0,10,0,"53"
"https://gaiastaging.duckdns.org/api/data/SynthesisSample/26236/?format=feather",115.5049,-33.3626,0,5,5,0,"54"
"https://gaiastaging.duckdns.org/api/data/SynthesisSample/26237/?format=feather",115.1345,-33.4993,4,6,0,0,"55"
"https://gaiastaging.duckdns.org/api/data/SynthesisSample/26238/?format=feather",115.3307,-33.4505,10,0,0,0,"56"
"https://gaiastaging.duckdns.org/api/data/SynthesisSample/26239/?format=feather",115.2562,-33.5039,7,0,3,0,"57"
"https://gaiastaging.duckdns.org/api/data/SynthesisSample/26240/?format=feather",115.5095,-33.4364,0,0,5,0,"58"
"https://gaiastaging.duckdns.org/api/data/SynthesisSample/26241/?format=feather",115.2048,-33.3597,10,0,0,0,"59"
"https://gaiastaging.duckdns.org/api/data/SynthesisSample/26242/?format=feather",115.0859,-33.4783,10,0,0,0,"60"
"https://gaiastaging.duckdns.org/api/data/SynthesisSample/26243/?format=feather",115.2426,-33.3882,10,0,0,0,"61"
"https://gaiastaging.duckdns.org/api/data/SynthesisSample/26244/?format=feather",115.404,-33.3534,10,0,0,0,"62"
"https://gaiastaging.duckdns.org/api/data/SynthesisSample/26245/?format=feather",115.1514,-33.4159,5,0,0,0,"63"
"https://gaiastaging.duckdns.org/api/data/SynthesisSample/26246/?format=feather",115.4287,-33.4271,0,5,5,0,"64"
"https://gaiastaging.duckdns.org/api/data/SynthesisSample/26247/?format=feather",115.3224,-33.4625,10,0,0,0,"65"
"https://gaiastaging.duckdns.org/api/data/SynthesisSample/26248/?format=feather",115.1456,-33.3718,10,0,0,0,"66"
"https://gaiastaging.duckdns.org/api/data/SynthesisSample/26249/?format=feather",115.2946,-33.5893,0,0,10,0,"67"
"https://gaiastaging.duckdns.org/api/data/SynthesisSample/26250/?format=feather",115.2847,-33.413,10,0,0,0,"68"
"https://gaiastaging.duckdns.org/api/data/SynthesisSample/26251/?format=feather",115.1029,-33.4558,8,0,0,0,"69"
"https://gaiastaging.duckdns.org/api/data/SynthesisSample/26252/?format=feather",115.4438,-33.5076,0,0,8,0,"70"
"https://gaiastaging.duckdns.org/api/data/SynthesisSample/26253/?format=feather",115.2309,-33.5874,8,0,2,0,"71"
"https://gaiastaging.duckdns.org/api/data/SynthesisSample/26254/?format=feather",115.2305,-33.3788,6,0,4,0,"72"
"https://gaiastaging.duckdns.org/api/data/SynthesisSample/26255/?format=feather",115.1103,-33.3955,10,0,0,0,"73"
"https://gaiastaging.duckdns.org/api/data/SynthesisSample/26256/?format=feather",115.3791,-33.4694,0,0,10,0,"74"
"https://gaiastaging.duckdns.org/api/data/SynthesisSample/26257/?format=feather",115.1924,-33.3965,10,0,0,0,"75"
"https://gaiastaging.duckdns.org/api/data/SynthesisSample/26258/?format=feather",115.1785,-33.5405,1,0,9,0,"76"
"https://gaiastaging.duckdns.org/api/data/SynthesisSample/26259/?format=feather",115.4589,-33.4896,0,3,0,0,"77"
"https://gaiastaging.duckdns.org/api/data/SynthesisSample/26260/?format=feather",115.2145,-33.5011,10,0,0,0,"78"
"https://gaiastaging.duckdns.org/api/data/SynthesisSample/26261/?format=feather",115.0564,-33.3828,10,0,0,0,"79"
"https://gaiastaging.duckdns.org/api/data/SynthesisSample/26262/?format=feather",115.3225,-33.5333,0,0,6,0,"80"
"https://gaiastaging.duckdns.org/api/data/SynthesisSample/26263/?format=feather",115.2061,-33.5396,10,0,0,0,"81"
"https://gaiastaging.duckdns.org/api/data/SynthesisSample/26264/?format=feather",115.315,-33.4176,10,0,0,0,"82"
"https://gaiastaging.duckdns.org/api/data/SynthesisSample/26265/?format=feather",115.1528,-33.4813,10,0,0,0,"83"
"https://gaiastaging.duckdns.org/api/data/SynthesisSample/26266/?format=feather",115.3155,-33.5175,0,10,0,0,"84"
"https://gaiastaging.duckdns.org/api/data/SynthesisSample/26267/?format=feather",115.4808,-33.4489,3,0,7,0,"85"
"https://gaiastaging.duckdns.org/api/data/SynthesisSample/26268/?format=feather",115.2927,-33.3847,10,0,0,0,"86"
"https://gaiastaging.duckdns.org/api/data/SynthesisSample/26269/?format=feather",115.1727,-33.434,0,9,0,0,"87"
"https://gaiastaging.duckdns.org/api/data/SynthesisSample/26270/?format=feather",115.2142,-33.4325,0,0,8,0,"88"
"https://gaiastaging.duckdns.org/api/data/SynthesisSample/26271/?format=feather",115.1196,-33.5185,10,0,0,0,"89"
"https://gaiastaging.duckdns.org/api/data/SynthesisSample/26272/?format=feather",115.4547,-33.4581,0,0,10,0,"90"
"https://gaiastaging.duckdns.org/api/data/SynthesisSample/26273/?format=feather",115.2451,-33.4597,10,0,0,0,"91"
"https://gaiastaging.duckdns.org/api/data/SynthesisSample/26274/?format=feather",115.1881,-33.5833,0,0,10,0,"92"
"https://gaiastaging.duckdns.org/api/data/SynthesisSample/26275/?format=feather",115.1677,-33.4691,10,0,0,0,"93"
"https://gaiastaging.duckdns.org/api/data/SynthesisSample/26276/?format=feather",115.3219,-33.5369,2,0,8,0,"94"
"https://gaiastaging.duckdns.org/api/data/SynthesisSample/26277/?format=feather",115.5224,-33.4052,0,3,8,0,"95"
"https://gaiastaging.duckdns.org/api/data/SynthesisSample/26278/?format=feather",115.2779,-33.3658,10,0,0,0,"96"
"https://gaiastaging.duckdns.org/api/data/SynthesisSample/26279/?format=feather",115.1639,-33.3984,10,0,0,0,"97"
"https://gaiastaging.duckdns.org/api/data/SynthesisSample/26280/?format=feather",115.4065,-33.4446,10,0,0,0,"98"
"https://gaiastaging.duckdns.org/api/data/SynthesisSample/26281/?format=feather",115.2864,-33.4982,10,0,0,0,"99"
"https://gaiastaging.duckdns.org/api/data/SynthesisSample/26282/?format=feather",115.5567,-33.4388,0,0,13,0,"100"
"https://gaiastaging.duckdns.org/api/data/SynthesisSample/26283/?format=feather",115.4021,-33.5375,3,0,6,0,"101"
"https://gaiastaging.duckdns.org/api/data/SynthesisSample/26284/?format=feather",115.4207,-33.5019,0,2,8,0,"102"
"https://gaiastaging.duckdns.org/api/data/SynthesisSample/26285/?format=feather",115.1139,-33.5808,0,0,10,0,"103"
"https://gaiastaging.duckdns.org/api/data/SynthesisSample/26286/?format=feather",115.2737,-33.6033,0,0,10,0,"104"
"https://gaiastaging.duckdns.org/api/data/SynthesisSample/26287/?format=feather",115.2367,-33.5762,0,9,0,0,"105"
"https://gaiastaging.duckdns.org/api/data/SynthesisSample/26288/?format=feather",115.4323,-33.5342,0,0,9,0,"106"
"https://gaiastaging.duckdns.org/api/data/SynthesisSample/26289/?format=feather",115.4329,-33.4768,0,0,10,0,"107"
"https://gaiastaging.duckdns.org/api/data/SynthesisSample/26290/?format=feather",115.1968,-33.6034,0,0,8,0,"108"
"https://gaiastaging.duckdns.org/api/data/SynthesisSample/26291/?format=feather",115.2478,-33.6034,0,0,11,0,"109"
"https://gaiastaging.duckdns.org/api/data/SynthesisSample/26292/?format=feather",115.4806,-33.4627,0,0,10,0,"110"
"https://gaiastaging.duckdns.org/api/data/SynthesisSample/26293/?format=feather",115.3698,-33.5417,0,0,10,0,"111"
"https://gaiastaging.duckdns.org/api/data/SynthesisSample/26294/?format=feather",115.1228,-33.5518,10,0,0,0,"112"
"https://gaiastaging.duckdns.org/api/data/SynthesisSample/26295/?format=feather",115.2488,-33.5688,6,0,4,0,"113"
"https://gaiastaging.duckdns.org/api/data/SynthesisSample/26296/?format=feather",115.5756,-33.4273,0,10,0,0,"114"
"https://gaiastaging.duckdns.org/api/data/SynthesisSample/26297/?format=feather",115.4045,-33.5098,2,1,8,0,"115"
"https://gaiastaging.duckdns.org/api/data/SynthesisSample/26298/?format=feather",115.2109,-33.5975,0,6,3,1,"116"
"https://gaiastaging.duckdns.org/api/data/SynthesisSample/26299/?format=feather",115.4117,-33.5779,0,0,10,0,"117"
"https://gaiastaging.duckdns.org/api/data/SynthesisSample/26300/?format=feather",115.2317,-33.5738,10,0,0,0,"118"
"https://gaiastaging.duckdns.org/api/data/SynthesisSample/26301/?format=feather",115.5742,-33.3873,0,0,10,0,"119"
"https://gaiastaging.duckdns.org/api/data/SynthesisSample/26302/?format=feather",115.2241,-33.6066,10,0,0,0,"120"
"https://gaiastaging.duckdns.org/api/data/SynthesisSample/26303/?format=feather",115.3031,-33.5955,0,0,10,0,"121"
"https://gaiastaging.duckdns.org/api/data/SynthesisSample/26304/?format=feather",115.5036,-33.4189,0,0,8,0,"122"
"https://gaiastaging.duckdns.org/api/data/SynthesisSample/26305/?format=feather",115.3602,-33.6032,0,0,10,0,"123"
"https://gaiastaging.duckdns.org/api/data/SynthesisSample/26306/?format=feather",115.4767,-33.4949,3,2,7,0,"124"
"https://gaiastaging.duckdns.org/api/data/SynthesisSample/26307/?format=feather",115.4685,-33.4388,5,6,4,0,"125"
"https://gaiastaging.duckdns.org/api/data/SynthesisSample/26308/?format=feather",115.1345,-33.5561,10,0,0,0,"126"
"https://gaiastaging.duckdns.org/api/data/SynthesisSample/26309/?format=feather",115.4224,-33.5628,0,0,10,0,"127"
"https://gaiastaging.duckdns.org/api/data/SynthesisSample/26310/?format=feather",115.4775,-33.4083,2,0,3,0,"128"
"https://gaiastaging.duckdns.org/api/data/SynthesisSample/26311/?format=feather",115.1362,-33.5707,10,0,0,0,"129"
"https://gaiastaging.duckdns.org/api/data/SynthesisSample/26312/?format=feather",115.4206,-33.5205,0,0,5,0,"130"
"https://gaiastaging.duckdns.org/api/data/SynthesisSample/26313/?format=feather",115.2133,-33.5937,0,10,0,0,"131"
"https://gaiastaging.duckdns.org/api/data/SynthesisSample/26314/?format=feather",115.4879,-33.3815,0,0,7,0,"132"
"https://gaiastaging.duckdns.org/api/data/SynthesisSample/26315/?format=feather",115.3322,-33.5572,1,2,3,0,"133"
"https://gaiastaging.duckdns.org/api/data/SynthesisSample/26316/?format=feather",115.4379,-33.5012,0,2,8,0,"134"
"https://gaiastaging.duckdns.org/api/data/SynthesisSample/26317/?format=feather",115.2189,-33.594,1,0,9,0,"135"
"https://gaiastaging.duckdns.org/api/data/SynthesisSample/26318/?format=feather",115.4776,-33.471,1,6,3,0,"136"
"https://gaiastaging.duckdns.org/api/data/SynthesisSample/26319/?format=feather",115.4661,-33.5555,0,0,10,0,"137"
"https://gaiastaging.duckdns.org/api/data/SynthesisSample/26320/?format=feather",115.1301,-33.5825,0,0,10,0,"138"
"https://gaiastaging.duckdns.org/api/data/SynthesisSample/26321/?format=feather",115.1454,-33.5958,0,0,10,0,"139"
"https://gaiastaging.duckdns.org/api/data/SynthesisSample/26322/?format=feather",115.1628,-33.5869,0,0,9,0,"140"
"https://gaiastaging.duckdns.org/api/data/SynthesisSample/26323/?format=feather",115.3942,-33.4892,4,0,4,0,"141"
"https://gaiastaging.duckdns.org/api/data/SynthesisSample/26324/?format=feather",115.104,-33.5691,0,5,0,3,"142"
"https://gaiastaging.duckdns.org/api/data/SynthesisSample/26325/?format=feather",115.253,-33.6031,1,0,8,0,"143"
"https://gaiastaging.duckdns.org/api/data/SynthesisSample/26326/?format=feather",115.2267,-33.5771,4,0,6,0,"144"
"https://gaiastaging.duckdns.org/api/data/SynthesisSample/26327/?format=feather",115.2393,-33.6092,0,0,6,0,"145"
"https://gaiastaging.duckdns.org/api/data/SynthesisSample/26328/?format=feather",115.488,-33.4518,3,0,9,0,"146"
"https://gaiastaging.duckdns.org/api/data/SynthesisSample/26329/?format=feather",115.2948,-33.627,0,0,5,0,"147"
"https://gaiastaging.duckdns.org/api/data/SynthesisSample/26330/?format=feather",115.4513,-33.5725,0,5,0,0,"148"
"https://gaiastaging.duckdns.org/api/data/SynthesisSample/26331/?format=feather",115.2206,-33.5902,0,0,5,0,"149"
"https://gaiastaging.duckdns.org/api/data/SynthesisSample/26332/?format=feather",115.3912,-33.5556,1,0,6,0,"150"
"https://gaiastaging.duckdns.org/api/data/SynthesisSample/26333/?format=feather",115.5142,-33.4275,0,6,4,0,"151"
"https://gaiastaging.duckdns.org/api/data/SynthesisSample/26334/?format=feather",115.4101,-33.5017,2,0,8,0,"152"
"https://gaiastaging.duckdns.org/api/data/SynthesisSample/26335/?format=feather",115.382,-33.5181,0,0,5,0,"153"
"https://gaiastaging.duckdns.org/api/data/SynthesisSample/26336/?format=feather",115.3444,-33.6073,0,0,10,0,"154"
"https://gaiastaging.duckdns.org/api/data/SynthesisSample/26337/?format=feather",115.313,-33.6143,0,0,10,0,"155"
"https://gaiastaging.duckdns.org/api/data/SynthesisSample/26338/?format=feather",115.5517,-33.3576,4,0,6,0,"156"
"https://gaiastaging.duckdns.org/api/data/SynthesisSample/26339/?format=feather",115.4275,-33.4882,1,0,9,0,"157"
"https://gaiastaging.duckdns.org/api/data/SynthesisSample/26340/?format=feather",115.2806,-33.6148,0,0,10,0,"158"
"https://gaiastaging.duckdns.org/api/data/SynthesisSample/26341/?format=feather",115.5572,-33.4505,0,5,0,0,"159"
"https://gaiastaging.duckdns.org/api/data/SynthesisSample/26342/?format=feather",115.2731,-33.6309,0,0,10,0,"160"
"https://gaiastaging.duckdns.org/api/data/SynthesisSample/26343/?format=feather",115.4194,-33.5066,0,8,5,0,"161"
"https://gaiastaging.duckdns.org/api/data/SynthesisSample/26344/?format=feather",115.2025,-33.5698,1,0,8,0,"162"
"https://gaiastaging.duckdns.org/api/data/SynthesisSample/26345/?format=feather",115.4931,-33.3965,0,0,10,0,"163"
"https://gaiastaging.duckdns.org/api/data/SynthesisSample/26346/?format=feather",115.5529,-33.4198,3,0,8,0,"164"
"https://gaiastaging.duckdns.org/api/data/SynthesisSample/26347/?format=feather",115.182,-33.5671,7,0,3,0,"165"
"https://gaiastaging.duckdns.org/api/data/SynthesisSample/26348/?format=feather",115.5044,-33.5151,0,0,10,0,"166"
"https://gaiastaging.duckdns.org/api/data/SynthesisSample/26349/?format=feather",115.5044,-33.5151,7,0,0,0,"167"
"https://gaiastaging.duckdns.org/api/data/SynthesisSample/26350/?format=feather",115.5436,-33.4681,0,9,0,0,"168"
"https://gaiastaging.duckdns.org/api/data/SynthesisSample/26351/?format=feather",115.5777,-33.3476,0,0,10,0,"169"
"https://gaiastaging.duckdns.org/api/data/SynthesisSample/26352/?format=feather",115.3612,-33.5613,0,5,0,0,"170"
"https://gaiastaging.duckdns.org/api/data/SynthesisSample/26353/?format=feather",115.4975,-33.4638,15,0,0,0,"171"
"https://gaiastaging.duckdns.org/api/data/SynthesisSample/26354/?format=feather",115.4752,-33.4851,1,1,5,0,"172"
"https://gaiastaging.duckdns.org/api/data/SynthesisSample/26355/?format=feather",115.5441,-33.4517,0,0,12,0,"173"
"https://gaiastaging.duckdns.org/api/data/SynthesisSample/26356/?format=feather",115.3098,-33.5845,3,0,5,0,"174"
"https://gaiastaging.duckdns.org/api/data/SynthesisSample/26357/?format=feather",115.4165,-33.5174,0,9,0,0,"175"
"https://gaiastaging.duckdns.org/api/data/SynthesisSample/26358/?format=feather",115.4873,-33.5094,8,2,0,0,"176"
"https://gaiastaging.duckdns.org/api/data/SynthesisSample/26359/?format=feather",115.1589,-33.5634,1,0,9,0,"177"
"https://gaiastaging.duckdns.org/api/data/SynthesisSample/26360/?format=feather",115.2078,-33.5894,0,0,10,0,"178"
"https://gaiastaging.duckdns.org/api/data/SynthesisSample/26361/?format=feather",115.4971,-33.4811,0,6,4,0,"179"
"https://gaiastaging.duckdns.org/api/data/SynthesisSample/26362/?format=feather",115.3847,-33.5839,3,0,7,0,"180"
"https://gaiastaging.duckdns.org/api/data/SynthesisSample/26363/?format=feather",115.4341,-33.4464,2,0,8,0,"181"
"https://gaiastaging.duckdns.org/api/data/SynthesisSample/26364/?format=feather",115.3901,-33.5735,0,0,10,0,"182"
"https://gaiastaging.duckdns.org/api/data/SynthesisSample/26365/?format=feather",115.3835,-33.5577,0,0,10,0,"183"
"https://gaiastaging.duckdns.org/api/data/SynthesisSample/26366/?format=feather",115.5269,-33.4382,5,0,5,0,"184"
"https://gaiastaging.duckdns.org/api/data/SynthesisSample/26367/?format=feather",115.276,-33.5867,1,0,10,0,"185"
"https://gaiastaging.duckdns.org/api/data/SynthesisSample/26368/?format=feather",115.5492,-33.3913,0,0,10,0,"186"
"https://gaiastaging.duckdns.org/api/data/SynthesisSample/26369/?format=feather",115.3741,-33.5017,0,0,10,0,"187"
"https://gaiastaging.duckdns.org/api/data/SynthesisSample/26370/?format=feather",115.3932,-33.4784,0,8,3,0,"188"
"https://gaiastaging.duckdns.org/api/data/SynthesisSample/26371/?format=feather",115.1874,-33.5935,0,0,9,0,"189"
"https://gaiastaging.duckdns.org/api/data/SynthesisSample/26372/?format=feather",115.386,-33.5309,2,0,8,0,"190"
"https://gaiastaging.duckdns.org/api/data/SynthesisSample/26373/?format=feather",115.446,-33.5185,1,0,9,0,"191"
"https://gaiastaging.duckdns.org/api/data/SynthesisSample/26374/?format=feather",115.4508,-33.5021,0,5,6,0,"192"
"https://gaiastaging.duckdns.org/api/data/SynthesisSample/26375/?format=feather",115.2562,-33.6202,1,0,7,0,"193"
"https://gaiastaging.duckdns.org/api/data/SynthesisSample/26376/?format=feather",115.4703,-33.4552,0,2,8,0,"194"
"https://gaiastaging.duckdns.org/api/data/SynthesisSample/26377/?format=feather",115.459,-33.5421,0,7,0,0,"195"
"https://gaiastaging.duckdns.org/api/data/SynthesisSample/26378/?format=feather",115.3328,-33.5981,0,0,7,0,"196"
"https://gaiastaging.duckdns.org/api/data/SynthesisSample/26379/?format=feather",115.1556,-33.6129,0,0,9,0,"197"
"https://gaiastaging.duckdns.org/api/data/SynthesisSample/26380/?format=feather",115.3528,-33.5679,0,5,4,0,"198"
"https://gaiastaging.duckdns.org/api/data/SynthesisSample/26381/?format=feather",115.4919,-33.421,0,5,5,0,"199"
"https://gaiastaging.duckdns.org/api/data/SynthesisSample/26382/?format=feather",115.4535,-33.4712,0,6,4,0,"200"
"https://gaiastaging.duckdns.org/api/data/SynthesisSample/26383/?format=feather",115.4141,-33.5337,0,5,5,0,"201"
"https://gaiastaging.duckdns.org/api/data/SynthesisSample/26384/?format=feather",115.4646,-33.5162,0,0,10,0,"202"
"https://gaiastaging.duckdns.org/api/data/SynthesisSample/26385/?format=feather",115.4247,-33.4926,0,0,10,0,"203"
"https://gaiastaging.duckdns.org/api/data/SynthesisSample/26386/?format=feather",115.3716,-33.5131,0,1,9,0,"204"
"https://gaiastaging.duckdns.org/api/data/SynthesisSample/26387/?format=feather",115.3572,-33.5511,2,0,4,0,"205"
"https://gaiastaging.duckdns.org/api/data/SynthesisSample/26388/?format=feather",115.5504,-33.3713,0,0,10,0,"206"
"https://gaiastaging.duckdns.org/api/data/SynthesisSample/26389/?format=feather",115.5357,-33.4004,0,0,10,0,"207"
"https://gaiastaging.duckdns.org/api/data/SynthesisSample/26390/?format=feather",115.3354,-33.5696,0,10,0,0,"208"
"https://gaiastaging.duckdns.org/api/data/SynthesisSample/26391/?format=feather",115.1735,-33.5845,10,0,0,0,"209"
"https://gaiastaging.duckdns.org/api/data/SynthesisSample/26392/?format=feather",115.3181,-33.6026,10,0,0,0,"210"
"https://gaiastaging.duckdns.org/api/data/SynthesisSample/26393/?format=feather",115.3499,-33.5281,0,3,7,0,"211"
"https://gaiastaging.duckdns.org/api/data/SynthesisSample/26394/?format=feather",115.4035,-33.5246,0,0,7,0,"212"
"https://gaiastaging.duckdns.org/api/data/SynthesisSample/26395/?format=feather",115.5324,-33.4848,0,0,5,0,"213"
"https://gaiastaging.duckdns.org/api/data/SynthesisSample/26396/?format=feather",115.5666,-33.3695,5,0,5,0,"214"
"https://gaiastaging.duckdns.org/api/data/SynthesisSample/26397/?format=feather",115.1468,-33.5793,6,0,4,0,"215"
"https://gaiastaging.duckdns.org/api/data/SynthesisSample/26398/?format=feather",115.2325,-33.601,10,0,0,0,"216"
"https://gaiastaging.duckdns.org/api/data/SynthesisSample/26399/?format=feather",115.5835,-33.3599,10,0,0,0,"217"
"https://gaiastaging.duckdns.org/api/data/SynthesisSample/26400/?format=feather",115.1433,-33.562,10,0,0,0,"218"
"https://gaiastaging.duckdns.org/api/data/SynthesisSample/26401/?format=feather",115.5606,-33.3851,3,1,3,0,"219"
"https://gaiastaging.duckdns.org/api/data/SynthesisSample/26402/?format=feather",115.3571,-33.5794,5,0,0,0,"220"
"https://gaiastaging.duckdns.org/api/data/SynthesisSample/26403/?format=feather",115.5138,-33.3696,0,7,3,0,"221"
"https://gaiastaging.duckdns.org/api/data/SynthesisSample/26404/?format=feather",115.5914,-33.3766,5,0,3,0,"222"
"https://gaiastaging.duckdns.org/api/data/SynthesisSample/26405/?format=feather",115.4961,-33.3744,0,0,3,0,"223"
"https://gaiastaging.duckdns.org/api/data/SynthesisSample/26406/?format=feather",115.4149,-33.5199,0,15,0,0,"224"
"https://gaiastaging.duckdns.org/api/data/SynthesisSample/26407/?format=feather",115.4368,-33.5142,0,0,6,0,"225"
"https://gaiastaging.duckdns.org/api/data/SynthesisSample/26408/?format=feather",115.2264,-33.5817,0,2,5,0,"226"
"https://gaiastaging.duckdns.org/api/data/SynthesisSample/26409/?format=feather",115.2264,-33.5817,4,0,6,0,"227"
"https://gaiastaging.duckdns.org/api/data/SynthesisSample/26410/?format=feather",115.1774,-33.6014,0,0,5,0,"228"
"https://gaiastaging.duckdns.org/api/data/SynthesisSample/26411/?format=feather",115.4435,-33.4851,0,5,0,0,"229"
"https://gaiastaging.duckdns.org/api/data/SynthesisSample/26412/?format=feather",115.2039,-33.6248,0,0,5,0,"230"
"https://gaiastaging.duckdns.org/api/data/SynthesisSample/26413/?format=feather",115.1935,-33.5732,4,6,3,0,"231"
"https://gaiastaging.duckdns.org/api/data/SynthesisSample/26414/?format=feather",115.4907,-33.494,0,0,9,0,"232"
"https://gaiastaging.duckdns.org/api/data/SynthesisSample/26415/?format=feather",115.3766,-33.5513,0,0,5,0,"233"
"https://gaiastaging.duckdns.org/api/data/SynthesisSample/26416/?format=feather",115.5633,-33.3996,10,0,0,0,"234"
"https://gaiastaging.duckdns.org/api/data/SynthesisSample/26417/?format=feather",115.2872,-33.5857,0,0,5,0,"235"
"https://gaiastaging.duckdns.org/api/data/SynthesisSample/26418/?format=feather",115.4006,-33.5427,0,0,10,0,"236"
"https://gaiastaging.duckdns.org/api/data/SynthesisSample/26419/?format=feather",115.5296,-33.4175,0,0,10,0,"237"
"https://gaiastaging.duckdns.org/api/data/SynthesisSample/26420/?format=feather",115.5197,-33.4556,5,0,5,0,"238"
"https://gaiastaging.duckdns.org/api/data/SynthesisSample/26421/?format=feather",115.4085,-33.4873,0,0,9,0,"239"
"https://gaiastaging.duckdns.org/api/data/SynthesisSample/26422/?format=feather",115.1149,-33.5681,3,5,0,0,"240"
"https://gaiastaging.duckdns.org/api/data/SynthesisSample/26423/?format=feather",115.2586,-33.6,0,0,9,0,"241"
"https://gaiastaging.duckdns.org/api/data/SynthesisSample/26424/?format=feather",115.5323,-33.3519,0,5,5,0,"242"
"https://gaiastaging.duckdns.org/api/data/SynthesisSample/26425/?format=feather",115.4358,-33.4901,0,5,4,0,"243"
"https://gaiastaging.duckdns.org/api/data/SynthesisSample/26426/?format=feather",115.3462,-33.5573,10,0,0,0,"244"
"https://gaiastaging.duckdns.org/api/data/SynthesisSample/26427/?format=feather",115.3721,-33.5833,0,0,10,0,"245"
"https://gaiastaging.duckdns.org/api/data/SynthesisSample/26428/?format=feather",115.1829,-33.6169,0,0,10,0,"246"
"https://gaiastaging.duckdns.org/api/data/SynthesisSample/26429/?format=feather",115.4444,-33.5366,0,0,9,0,"247"
"https://gaiastaging.duckdns.org/api/data/SynthesisSample/26430/?format=feather",115.42,-33.5333,0,0,8,0,"248"
"https://gaiastaging.duckdns.org/api/data/SynthesisSample/26431/?format=feather",115.4144,-33.558,2,0,11,0,"249"
"https://gaiastaging.duckdns.org/api/data/SynthesisSample/26432/?format=feather",115.3722,-33.4217,8,0,2,0,"250"
"https://gaiastaging.duckdns.org/api/data/SynthesisSample/26433/?format=feather",115.3594,-33.4213,10,0,0,0,"251"
"https://gaiastaging.duckdns.org/api/data/SynthesisSample/26434/?format=feather",115.3694,-33.4778,6,4,0,0,"252"
"https://gaiastaging.duckdns.org/api/data/SynthesisSample/26435/?format=feather",115.5076,-33.3967,0,0,6,0,"253"
"https://gaiastaging.duckdns.org/api/data/SynthesisSample/26436/?format=feather",115.5205,-33.4122,0,2,8,0,"254"
"https://gaiastaging.duckdns.org/api/data/SynthesisSample/26437/?format=feather",115.5176,-33.4197,0,9,0,0,"255"
"https://gaiastaging.duckdns.org/api/data/SynthesisSample/26438/?format=feather",115.2133,-33.5932,18,0,0,0,"256"
"https://gaiastaging.duckdns.org/api/data/SynthesisSample/26439/?format=feather",115.2379,-33.5916,0,0,10,0,"257"
"https://gaiastaging.duckdns.org/api/data/SynthesisSample/26440/?format=feather",115.2415,-33.5915,0,2,0,0,"258"
"https://gaiastaging.duckdns.org/api/data/SynthesisSample/26441/?format=feather",115.3443,-33.5621,0,6,0,0,"259"
"https://gaiastaging.duckdns.org/api/data/SynthesisSample/26442/?format=feather",115.3481,-33.5711,0,7,0,0,"260"
"https://gaiastaging.duckdns.org/api/data/SynthesisSample/26443/?format=feather",115.4179,-33.5118,0,14,0,0,"261"
"https://gaiastaging.duckdns.org/api/data/SynthesisSample/26444/?format=feather",115.4182,-33.5149,0,20,0,0,"262"
"https://gaiastaging.duckdns.org/api/data/SynthesisSample/26445/?format=feather",115.4064,-33.5162,0,14,0,0,"263"
"https://gaiastaging.duckdns.org/api/data/SynthesisSample/26446/?format=feather",115.4308,-33.506,0,10,0,0,"264"
"https://gaiastaging.duckdns.org/api/data/SynthesisSample/26447/?format=feather",115.3693,-33.374,3,0,5,0,"265"
"https://gaiastaging.duckdns.org/api/data/SynthesisSample/26448/?format=feather",115.3668,-33.3744,0,0,5,0,"266"
"https://gaiastaging.duckdns.org/api/data/SynthesisSample/26449/?format=feather",115.3631,-33.3755,0,0,10,0,"267"
"https://gaiastaging.duckdns.org/api/data/SynthesisSample/26450/?format=feather",115.3559,-33.3768,0,0,4,0,"268"
"https://gaiastaging.duckdns.org/api/data/SynthesisSample/26451/?format=feather",115.3965,-33.4994,0,0,9,0,"269"
"https://gaiastaging.duckdns.org/api/data/SynthesisSample/26452/?format=feather",115.4656,-33.4839,9,0,6,0,"270"
"https://gaiastaging.duckdns.org/api/data/SynthesisSample/26453/?format=feather",115.3892,-33.381,6,0,1,0,"271"
"https://gaiastaging.duckdns.org/api/data/SynthesisSample/26454/?format=feather",115.3861,-33.3774,0,0,10,0,"272"
"https://gaiastaging.duckdns.org/api/data/SynthesisSample/26455/?format=feather",115.3791,-33.3726,10,0,0,0,"273"
"https://gaiastaging.duckdns.org/api/data/SynthesisSample/26456/?format=feather",115.3748,-33.3731,6,2,2,0,"274"
"https://gaiastaging.duckdns.org/api/data/SynthesisSample/26457/?format=feather",115.2206,-33.5924,0,0,8,0,"275"
"https://gaiastaging.duckdns.org/api/data/SynthesisSample/26458/?format=feather",115.1963,-33.5936,0,0,5,0,"276"
"https://gaiastaging.duckdns.org/api/data/SynthesisSample/26459/?format=feather",115.1995,-33.5936,0,14,0,0,"277"
"https://gaiastaging.duckdns.org/api/data/SynthesisSample/26460/?format=feather",115.2023,-33.5938,0,0,10,0,"278"
"https://gaiastaging.duckdns.org/api/data/SynthesisSample/26461/?format=feather",115.2055,-33.5935,12,0,3,0,"279"
"https://gaiastaging.duckdns.org/api/data/SynthesisSample/26462/?format=feather",115.1907,-33.5938,5,0,7,0,"280"
"https://gaiastaging.duckdns.org/api/data/SynthesisSample/26463/?format=feather",115.1884,-33.594,0,0,10,0,"281"
"https://gaiastaging.duckdns.org/api/data/SynthesisSample/26464/?format=feather",115.1865,-33.5941,0,7,3,0,"282"
"https://gaiastaging.duckdns.org/api/data/SynthesisSample/26465/?format=feather",115.193,-33.5937,0,5,0,0,"283"
"https://gaiastaging.duckdns.org/api/data/SynthesisSample/26466/?format=feather",115.1819,-33.5945,2,1,5,0,"284"
"https://gaiastaging.duckdns.org/api/data/SynthesisSample/26467/?format=feather",115.193,-33.5937,0,4,0,0,"285"
"https://gaiastaging.duckdns.org/api/data/SynthesisSample/26468/?format=feather",115.184,-33.5937,0,6,5,0,"286"
"https://gaiastaging.duckdns.org/api/data/SynthesisSample/26470/?format=feather",115.2081,-33.5933,0,8,0,0,"287"
"https://gaiastaging.duckdns.org/api/data/SynthesisSample/26471/?format=feather",115.2102,-33.5928,0,0,8,0,"288"
"https://gaiastaging.duckdns.org/api/data/SynthesisSample/26472/?format=feather",115.2119,-33.5932,0,8,0,0,"289"
"https://gaiastaging.duckdns.org/api/data/SynthesisSample/26473/?format=feather",115.2148,-33.5927,2,0,8,0,"290"
"https://gaiastaging.duckdns.org/api/data/SynthesisSample/26474/?format=feather",115.2175,-33.5924,0,0,10,0,"291"
"https://gaiastaging.duckdns.org/api/data/SynthesisSample/26475/?format=feather",115.2177,-33.5346,10,0,0,0,"292"
"https://gaiastaging.duckdns.org/api/data/SynthesisSample/26476/?format=feather",115.2255,-33.5086,0,0,9,0,"293"
"https://gaiastaging.duckdns.org/api/data/SynthesisSample/26477/?format=feather",115.24,-33.4628,7,3,0,0,"294"
"https://gaiastaging.duckdns.org/api/data/SynthesisSample/26478/?format=feather",115.178,-33.4864,1,5,5,0,"295"
"https://gaiastaging.duckdns.org/api/data/SynthesisSample/26479/?format=feather",115.1684,-33.4705,0,4,0,1,"296"
