campaignid,sample,family,genus,species,caab,count
2020-06_south-west_stereo-BRUVs,1,Carangidae,Pseudocaranx,spp,,1
2020-06_south-west_stereo-BRUVs,1,Labridae,Austrolabrus,maculatus,37384025,2
2020-06_south-west_stereo-BRUVs,1,Labridae,Coris,auricularis,37384088,5
2020-06_south-west_stereo-BRUVs,1,Labridae,Ophthalmolepis,lineolatus,37384040,2
2020-06_south-west_stereo-BRUVs,1,Labridae,Pseudolabrus,biserialis,37384149,17
2020-06_south-west_stereo-BRUVs,1,Pomacentridae,Chromis,klunzingeri,37372044,35
2020-06_south-west_stereo-BRUVs,1,Scorpididae,Tilodon,sexfasciatus,37361003,1
2020-06_south-west_stereo-BRUVs,1,Serranidae,Caesioperca,sp1,,14
2020-06_south-west_stereo-BRUVs,1,Serranidae,Hypoplectrodes,nigroruber,37311037,1
2020-06_south-west_stereo-BRUVs,1,Sparidae,Chrysophrys,auratus,37353001,1
2020-06_south-west_stereo-BRUVs,1,Triakidae,Furgaleus,macki,37017003,1
2020-06_south-west_stereo-BRUVs,2,Carangidae,Seriola,hippos,37337007,1
2020-06_south-west_stereo-BRUVs,2,Gerreidae,Parequula,melbournensis,37349001,1
2020-06_south-west_stereo-BRUVs,2,Labridae,Ophthalmolepis,lineolatus,37384040,2
2020-06_south-west_stereo-BRUVs,2,Labridae,Pseudolabrus,biserialis,37384149,10
2020-06_south-west_stereo-BRUVs,2,Mocanthidae,Meuschenia,galii,37465040,1
2020-06_south-west_stereo-BRUVs,2,Pomacentridae,Chromis,klunzingeri,37372044,52
2020-06_south-west_stereo-BRUVs,2,Scombridae,Unknown,spp,,4
2020-06_south-west_stereo-BRUVs,2,Scorpididae,Neatypus,obliquus,37361002,6
2020-06_south-west_stereo-BRUVs,2,Serranidae,Caesioperca,sp1,,26
2020-06_south-west_stereo-BRUVs,2,Triakidae,Furgaleus,macki,37017003,1
2020-06_south-west_stereo-BRUVs,3,Gerreidae,Parequula,melbournensis,37349001,2
2020-06_south-west_stereo-BRUVs,3,Glaucosomatidae,Glaucosoma,hebraicum,37320004,3
2020-06_south-west_stereo-BRUVs,3,Labridae,Coris,auricularis,37384088,3
2020-06_south-west_stereo-BRUVs,3,Labridae,Ophthalmolepis,lineolatus,37384040,6
2020-06_south-west_stereo-BRUVs,3,Labridae,Pseudolabrus,biserialis,37384149,8
2020-06_south-west_stereo-BRUVs,3,Pomacentridae,Chromis,klunzingeri,37372044,12
2020-06_south-west_stereo-BRUVs,3,Scorpididae,Neatypus,obliquus,37361002,9
2020-06_south-west_stereo-BRUVs,3,Sparidae,Chrysophrys,auratus,37353001,2
2020-06_south-west_stereo-BRUVs,3,Triakidae,Furgaleus,macki,37017003,1
2020-06_south-west_stereo-BRUVs,4,Aulopidae,Latropiscis,purpurissatus,37117001,1
2020-06_south-west_stereo-BRUVs,4,Carangidae,Pseudocaranx,spp,,3
2020-06_south-west_stereo-BRUVs,4,Cheilodactylidae,Nemadactylus,valenciennesi,37377004,4
2020-06_south-west_stereo-BRUVs,4,Labridae,Coris,auricularis,37384088,1
2020-06_south-west_stereo-BRUVs,4,Labridae,Ophthalmolepis,lineolatus,37384040,3
2020-06_south-west_stereo-BRUVs,4,Labridae,Pseudolabrus,biserialis,37384149,1
2020-06_south-west_stereo-BRUVs,4,Scorpididae,Neatypus,obliquus,37361002,10
2020-06_south-west_stereo-BRUVs,4,Sparidae,Chrysophrys,auratus,37353001,3
2020-06_south-west_stereo-BRUVs,4,Triakidae,Mustelus,antarcticus,37017001,1
2020-06_south-west_stereo-BRUVs,5,Gerreidae,Parequula,melbournensis,37349001,7
2020-06_south-west_stereo-BRUVs,5,Heterodontidae,Heterodontus,portusjacksoni,37007001,1
2020-06_south-west_stereo-BRUVs,5,Labridae,Austrolabrus,maculatus,37384025,2
2020-06_south-west_stereo-BRUVs,5,Labridae,Ophthalmolepis,lineolatus,37384040,6
2020-06_south-west_stereo-BRUVs,5,Labridae,Pseudolabrus,biserialis,37384149,4
2020-06_south-west_stereo-BRUVs,5,Mocanthidae,Meuschenia,freycineti,37465036,1
2020-06_south-west_stereo-BRUVs,5,Mocanthidae,Scobinichthys,granulatus,37465007,1
2020-06_south-west_stereo-BRUVs,5,Mullidae,Upeneichthys,vlamingii,37355029,2
2020-06_south-west_stereo-BRUVs,5,Myliobatidae,Myliobatis,tenuicaudatus,37039001,1
2020-06_south-west_stereo-BRUVs,5,Oplegthidae,Oplegthus,woodwardi,37369002,2
2020-06_south-west_stereo-BRUVs,5,Pempherididae,Pempheris,klunzingeri,37357003,37
2020-06_south-west_stereo-BRUVs,5,Pomacentridae,Chromis,klunzingeri,37372044,1
2020-06_south-west_stereo-BRUVs,5,Scorpididae,Neatypus,obliquus,37361002,26
2020-06_south-west_stereo-BRUVs,5,Tetraodontidae,Omegophora,armilla,37467002,1
2020-06_south-west_stereo-BRUVs,6,Carangidae,Pseudocaranx,spp,,1
2020-06_south-west_stereo-BRUVs,6,Heterodontidae,Heterodontus,portusjacksoni,37007001,2
2020-06_south-west_stereo-BRUVs,6,Labridae,Austrolabrus,maculatus,37384025,2
2020-06_south-west_stereo-BRUVs,6,Labridae,Coris,auricularis,37384088,4
2020-06_south-west_stereo-BRUVs,6,Labridae,Eupetrichthys,angustipes,37384105,1
2020-06_south-west_stereo-BRUVs,6,Labridae,Ophthalmolepis,lineolatus,37384040,4
2020-06_south-west_stereo-BRUVs,6,Labridae,Pseudolabrus,biserialis,37384149,5
2020-06_south-west_stereo-BRUVs,6,Odacidae,Siphonogthus,caninis,37385011,1
2020-06_south-west_stereo-BRUVs,6,Oplegthidae,Oplegthus,woodwardi,37369002,1
2020-06_south-west_stereo-BRUVs,6,Scorpididae,Neatypus,obliquus,37361002,1
2020-06_south-west_stereo-BRUVs,6,Triakidae,Mustelus,antarcticus,37017001,1
2020-06_south-west_stereo-BRUVs,7,Heterodontidae,Heterodontus,portusjacksoni,37007001,2
2020-06_south-west_stereo-BRUVs,7,Labridae,Austrolabrus,maculatus,37384025,3
2020-06_south-west_stereo-BRUVs,7,Labridae,Coris,auricularis,37384088,7
2020-06_south-west_stereo-BRUVs,7,Labridae,Eupetrichthys,angustipes,37384105,1
2020-06_south-west_stereo-BRUVs,7,Labridae,Ophthalmolepis,lineolatus,37384040,3
2020-06_south-west_stereo-BRUVs,7,Labridae,Pseudolabrus,biserialis,37384149,2
2020-06_south-west_stereo-BRUVs,7,Myliobatidae,Myliobatis,tenuicaudatus,37039001,1
2020-06_south-west_stereo-BRUVs,7,Urolophidae,Trygonoptera,ovalis,37038016,1
2020-06_south-west_stereo-BRUVs,8,Aplodactylidae,Aplodactylus,westralis,37376004,1
2020-06_south-west_stereo-BRUVs,8,Callanthiidae,Callanthias,allporti,37311004,3
2020-06_south-west_stereo-BRUVs,8,Carangidae,Seriola,hippos,37337007,2
2020-06_south-west_stereo-BRUVs,8,Cheilodactylidae,Nemadactylus,valenciennesi,37377004,1
2020-06_south-west_stereo-BRUVs,8,Glaucosomatidae,Glaucosoma,hebraicum,37320004,2
2020-06_south-west_stereo-BRUVs,8,Heterodontidae,Heterodontus,portusjacksoni,37007001,1
2020-06_south-west_stereo-BRUVs,8,Labridae,Bodianus,frenchii,37384057,2
2020-06_south-west_stereo-BRUVs,8,Labridae,Choerodon,rubescens,37384039,1
2020-06_south-west_stereo-BRUVs,8,Labridae,Coris,auricularis,37384088,35
2020-06_south-west_stereo-BRUVs,8,Labridae,Notolabrus,parilus,37384022,1
2020-06_south-west_stereo-BRUVs,8,Labridae,Ophthalmolepis,lineolatus,37384040,4
2020-06_south-west_stereo-BRUVs,8,Labridae,Pseudolabrus,biserialis,37384149,7
2020-06_south-west_stereo-BRUVs,8,Mocanthidae,Meuschenia,flavolineata,37465035,2
2020-06_south-west_stereo-BRUVs,8,Mocanthidae,Meuschenia,galii,37465040,1
2020-06_south-west_stereo-BRUVs,8,Plesiopidae,Paraplesiops,meleagris,37316009,1
2020-06_south-west_stereo-BRUVs,8,Plesiopidae,Trachinops,noarlungae,37316017,8
2020-06_south-west_stereo-BRUVs,8,Pomacentridae,Chromis,klunzingeri,37372044,45
2020-06_south-west_stereo-BRUVs,8,Pomacentridae,Parma,bicolor,37372092,1
2020-06_south-west_stereo-BRUVs,8,Scorpaenidae,Scorpae,sumptuosa,37287072,2
2020-06_south-west_stereo-BRUVs,8,Scorpididae,Neatypus,obliquus,37361002,2
2020-06_south-west_stereo-BRUVs,8,Scorpididae,Scorpis,aequipinnis,37361004,2
2020-06_south-west_stereo-BRUVs,8,Scorpididae,Scorpis,georgia,37361015,1
2020-06_south-west_stereo-BRUVs,8,Scorpididae,Tilodon,sexfasciatus,37361003,2
2020-06_south-west_stereo-BRUVs,8,Serranidae,Epinephelides,armatus,37311100,1
2020-06_south-west_stereo-BRUVs,8,Serranidae,Hypoplectrodes,nigroruber,37311037,1
2020-06_south-west_stereo-BRUVs,8,Sparidae,Chrysophrys,auratus,37353001,6
2020-06_south-west_stereo-BRUVs,9,Gerreidae,Parequula,melbournensis,37349001,2
2020-06_south-west_stereo-BRUVs,9,Labridae,Austrolabrus,maculatus,37384025,1
2020-06_south-west_stereo-BRUVs,9,Labridae,Coris,auricularis,37384088,1
2020-06_south-west_stereo-BRUVs,9,Labridae,Eupetrichthys,angustipes,37384105,1
2020-06_south-west_stereo-BRUVs,9,Labridae,Ophthalmolepis,lineolatus,37384040,5
2020-06_south-west_stereo-BRUVs,9,Labridae,Pseudolabrus,biserialis,37384149,3
2020-06_south-west_stereo-BRUVs,9,Mullidae,Upeneichthys,vlamingii,37355029,1
2020-06_south-west_stereo-BRUVs,9,Myliobatidae,Myliobatis,tenuicaudatus,37039001,1
2020-06_south-west_stereo-BRUVs,9,Pomacentridae,Chromis,klunzingeri,37372044,4
2020-06_south-west_stereo-BRUVs,9,Scorpididae,Neatypus,obliquus,37361002,15
2020-06_south-west_stereo-BRUVs,9,Serranidae,Caesioperca,sp1,,11
2020-06_south-west_stereo-BRUVs,10,Carangidae,Pseudocaranx,spp,,2
2020-06_south-west_stereo-BRUVs,10,Cheilodactylidae,Nemadactylus,valenciennesi,37377004,1
2020-06_south-west_stereo-BRUVs,10,Labridae,Achoerodus,gouldii,37384002,1
2020-06_south-west_stereo-BRUVs,10,Labridae,Choerodon,rubescens,37384039,1
2020-06_south-west_stereo-BRUVs,10,Labridae,Coris,auricularis,37384088,9
2020-06_south-west_stereo-BRUVs,10,Labridae,Ophthalmolepis,lineolatus,37384040,4
2020-06_south-west_stereo-BRUVs,10,Labridae,Pseudolabrus,biserialis,37384149,10
2020-06_south-west_stereo-BRUVs,10,Mocanthidae,Meuschenia,freycineti,37465036,1
2020-06_south-west_stereo-BRUVs,10,Myliobatidae,Myliobatis,tenuicaudatus,37039001,1
2020-06_south-west_stereo-BRUVs,10,Scorpididae,Neatypus,obliquus,37361002,1
2020-06_south-west_stereo-BRUVs,10,Scorpididae,Tilodon,sexfasciatus,37361003,1
2020-06_south-west_stereo-BRUVs,11,Gerreidae,Parequula,melbournensis,37349001,2
2020-06_south-west_stereo-BRUVs,11,Heterodontidae,Heterodontus,portusjacksoni,37007001,2
2020-06_south-west_stereo-BRUVs,11,Labridae,Achoerodus,gouldii,37384002,1
2020-06_south-west_stereo-BRUVs,11,Labridae,Austrolabrus,maculatus,37384025,1
2020-06_south-west_stereo-BRUVs,11,Labridae,Coris,auricularis,37384088,3
2020-06_south-west_stereo-BRUVs,11,Labridae,Ophthalmolepis,lineolatus,37384040,3
2020-06_south-west_stereo-BRUVs,11,Labridae,Pseudolabrus,biserialis,37384149,6
2020-06_south-west_stereo-BRUVs,11,Myliobatidae,Myliobatis,tenuicaudatus,37039001,1
2020-06_south-west_stereo-BRUVs,11,Pomacentridae,Chromis,klunzingeri,37372044,54
2020-06_south-west_stereo-BRUVs,11,Scorpididae,Neatypus,obliquus,37361002,4
2020-06_south-west_stereo-BRUVs,11,Serranidae,Caesioperca,sp1,,3
2020-06_south-west_stereo-BRUVs,12,Carangidae,Seriola,hippos,37337007,1
2020-06_south-west_stereo-BRUVs,12,Cheilodactylidae,Nemadactylus,valenciennesi,37377004,1
2020-06_south-west_stereo-BRUVs,12,Cheilodactylidae,Nemadactylus,valenciennesi,,2
2020-06_south-west_stereo-BRUVs,12,Kyphosidae,Kyphosus,sydneyanus,37361001,1
2020-06_south-west_stereo-BRUVs,12,Labridae,Bodianus,frenchii,37384057,1
2020-06_south-west_stereo-BRUVs,12,Labridae,Choerodon,rubescens,37384039,1
2020-06_south-west_stereo-BRUVs,12,Labridae,Coris,auricularis,37384088,4
2020-06_south-west_stereo-BRUVs,12,Labridae,Pseudolabrus,biserialis,37384149,3
2020-06_south-west_stereo-BRUVs,12,Labridae,Pseudolabrus,biserialis,,3
2020-06_south-west_stereo-BRUVs,12,Mocanthidae,Meuschenia,flavolineata,37465035,1
2020-06_south-west_stereo-BRUVs,12,Mocanthidae,Meuschenia,galii,37465040,1
2020-06_south-west_stereo-BRUVs,12,Myliobatidae,Myliobatis,tenuicaudatus,37039001,1
2020-06_south-west_stereo-BRUVs,12,Orectolobidae,Orectolobus,spp,,1
2020-06_south-west_stereo-BRUVs,12,Pomacentridae,Parma,bicolor,37372092,1
2020-06_south-west_stereo-BRUVs,12,Scorpaenidae,Scorpae,sumptuosa,37287072,1
2020-06_south-west_stereo-BRUVs,12,Scorpididae,Neatypus,obliquus,37361002,17
2020-06_south-west_stereo-BRUVs,12,Serranidae,Epinephelides,armatus,37311100,3
2020-06_south-west_stereo-BRUVs,12,Sparidae,Chrysophrys,auratus,37353001,5
2020-06_south-west_stereo-BRUVs,12,Triakidae,Furgaleus,macki,37017003,1
2020-06_south-west_stereo-BRUVs,13,Carangidae,Seriola,hippos,37337007,1
2020-06_south-west_stereo-BRUVs,13,Cheilodactylidae,Nemadactylus,valenciennesi,37377004,1
2020-06_south-west_stereo-BRUVs,13,Dasyatidae,Bathytoshia,brevicaudata,37035001,1
2020-06_south-west_stereo-BRUVs,13,Labridae,Austrolabrus,maculatus,37384025,1
2020-06_south-west_stereo-BRUVs,13,Labridae,Coris,auricularis,37384088,4
2020-06_south-west_stereo-BRUVs,13,Labridae,Ophthalmolepis,lineolatus,37384040,1
2020-06_south-west_stereo-BRUVs,13,Labridae,Pseudolabrus,biserialis,37384149,9
2020-06_south-west_stereo-BRUVs,13,Mocanthidae,Meuschenia,flavolineata,37465035,1
2020-06_south-west_stereo-BRUVs,13,Pomacentridae,Parma,bicolor,37372092,1
2020-06_south-west_stereo-BRUVs,13,Serranidae,Caesioperca,rasor,37311003,3
2020-06_south-west_stereo-BRUVs,13,Serranidae,Epinephelides,armatus,37311100,1
2020-06_south-west_stereo-BRUVs,13,Serranidae,Hypoplectrodes,nigroruber,37311037,1
2020-06_south-west_stereo-BRUVs,13,Triakidae,Furgaleus,macki,37017003,1
2020-06_south-west_stereo-BRUVs,13,Urolophidae,Trygonoptera,ovalis,37038016,1
2020-06_south-west_stereo-BRUVs,14,Carcharhinidae,Carcharhinus,limbatus,37018039,2
2020-06_south-west_stereo-BRUVs,14,Cheilodactylidae,Nemadactylus,valenciennesi,37377004,2
2020-06_south-west_stereo-BRUVs,14,Glaucosomatidae,Glaucosoma,hebraicum,37320004,3
2020-06_south-west_stereo-BRUVs,14,Labridae,Coris,auricularis,37384088,6
2020-06_south-west_stereo-BRUVs,14,Labridae,Ophthalmolepis,lineolatus,37384040,8
2020-06_south-west_stereo-BRUVs,14,Labridae,Pseudolabrus,biserialis,37384149,5
2020-06_south-west_stereo-BRUVs,14,Pempherididae,Pempheris,klunzingeri,37357003,5
2020-06_south-west_stereo-BRUVs,14,Plesiopidae,Trachinops,noarlungae,37316017,10
2020-06_south-west_stereo-BRUVs,14,Pomacentridae,Chromis,klunzingeri,37372044,22
2020-06_south-west_stereo-BRUVs,14,Scorpididae,Neatypus,obliquus,37361002,5
2020-06_south-west_stereo-BRUVs,14,Scorpididae,Scorpis,georgia,37361015,1
2020-06_south-west_stereo-BRUVs,14,Scorpididae,Tilodon,sexfasciatus,37361003,1
2020-06_south-west_stereo-BRUVs,14,Serranidae,Caesioperca,rasor,37311003,3
2020-06_south-west_stereo-BRUVs,14,Serranidae,Epinephelides,armatus,37311100,1
2020-06_south-west_stereo-BRUVs,14,Sparidae,Chrysophrys,auratus,37353001,2
2020-06_south-west_stereo-BRUVs,15,Carangidae,Pseudocaranx,spp,,6
2020-06_south-west_stereo-BRUVs,15,Cheilodactylidae,Nemadactylus,valenciennesi,37377004,1
2020-06_south-west_stereo-BRUVs,15,Labridae,Coris,auricularis,37384088,6
2020-06_south-west_stereo-BRUVs,15,Labridae,Ophthalmolepis,lineolatus,37384040,4
2020-06_south-west_stereo-BRUVs,15,Labridae,Pseudolabrus,biserialis,37384149,9
2020-06_south-west_stereo-BRUVs,15,Muraenidae,Gymnothorax,prasinus,37060006,1
2020-06_south-west_stereo-BRUVs,15,Scorpididae,Scorpis,aequipinnis,37361004,1
2020-06_south-west_stereo-BRUVs,15,Serranidae,Caesioperca,rasor,37311003,2
2020-06_south-west_stereo-BRUVs,15,Serranidae,Epinephelides,armatus,37311100,1
2020-06_south-west_stereo-BRUVs,15,Triakidae,Furgaleus,macki,37017003,1
2020-06_south-west_stereo-BRUVs,15,Triakidae,Mustelus,antarcticus,37017001,1
2020-06_south-west_stereo-BRUVs,16,Cheilodactylidae,Nemadactylus,valenciennesi,37377004,2
2020-06_south-west_stereo-BRUVs,16,Haemulidae,Plectorhinchus,flavomaculatus,37350007,1
2020-06_south-west_stereo-BRUVs,16,Labridae,Coris,auricularis,37384088,7
2020-06_south-west_stereo-BRUVs,16,Labridae,Notolabrus,parilus,37384022,1
2020-06_south-west_stereo-BRUVs,16,Labridae,Ophthalmolepis,lineolatus,37384040,7
2020-06_south-west_stereo-BRUVs,16,Labridae,Pseudolabrus,biserialis,37384149,14
2020-06_south-west_stereo-BRUVs,16,Mocanthidae,Meuschenia,flavolineata,37465035,2
2020-06_south-west_stereo-BRUVs,16,Mocanthidae,Meuschenia,galii,37465040,1
2020-06_south-west_stereo-BRUVs,16,Myliobatidae,Myliobatis,tenuicaudatus,37039001,1
2020-06_south-west_stereo-BRUVs,16,Pomacentridae,Chromis,klunzingeri,37372044,33
2020-06_south-west_stereo-BRUVs,16,Pomacentridae,Chromis,westaustralis,37372055,1
2020-06_south-west_stereo-BRUVs,16,Scorpididae,Scorpis,aequipinnis,37361004,1
2020-06_south-west_stereo-BRUVs,16,Scorpididae,Scorpis,georgia,37361015,1
2020-06_south-west_stereo-BRUVs,16,Scorpididae,Tilodon,sexfasciatus,37361003,1
2020-06_south-west_stereo-BRUVs,16,Serranidae,Epinephelides,armatus,37311100,1
2020-06_south-west_stereo-BRUVs,16,Sparidae,Chrysophrys,auratus,37353001,4
2020-06_south-west_stereo-BRUVs,17,Carangidae,Pseudocaranx,spp,,1
2020-06_south-west_stereo-BRUVs,17,Carcharhinidae,Carcharhinus,limbatus,37018039,1
2020-06_south-west_stereo-BRUVs,17,Cheilodactylidae,Nemadactylus,valenciennesi,37377004,1
2020-06_south-west_stereo-BRUVs,17,Gerreidae,Parequula,melbournensis,37349001,3
2020-06_south-west_stereo-BRUVs,17,Labridae,Coris,auricularis,37384088,8
2020-06_south-west_stereo-BRUVs,17,Labridae,Eupetrichthys,angustipes,37384105,1
2020-06_south-west_stereo-BRUVs,17,Labridae,Notolabrus,parilus,37384022,1
2020-06_south-west_stereo-BRUVs,17,Labridae,Ophthalmolepis,lineolatus,37384040,9
2020-06_south-west_stereo-BRUVs,17,Labridae,Pseudolabrus,biserialis,37384149,12
2020-06_south-west_stereo-BRUVs,17,Mocanthidae,Meuschenia,flavolineata,37465035,1
2020-06_south-west_stereo-BRUVs,17,Myliobatidae,Myliobatis,tenuicaudatus,37039001,1
2020-06_south-west_stereo-BRUVs,17,Scorpididae,Neatypus,obliquus,37361002,1
2020-06_south-west_stereo-BRUVs,17,Scorpididae,Scorpis,aequipinnis,37361004,1
2020-06_south-west_stereo-BRUVs,17,Scorpididae,Scorpis,georgia,37361015,1
2020-06_south-west_stereo-BRUVs,17,Serranidae,Caesioperca,sp1,,1
2020-06_south-west_stereo-BRUVs,17,Serranidae,Epinephelides,armatus,37311100,1
2020-06_south-west_stereo-BRUVs,17,Sparidae,Chrysophrys,auratus,37353001,9
2020-06_south-west_stereo-BRUVs,17,Triakidae,Furgaleus,macki,37017003,1
2020-06_south-west_stereo-BRUVs,17,Urolophidae,Trygonoptera,ovalis,37038016,1
2020-06_south-west_stereo-BRUVs,18,Carangidae,Seriola,hippos,37337007,1
2020-06_south-west_stereo-BRUVs,18,Cheilodactylidae,Nemadactylus,valenciennesi,37377004,1
2020-06_south-west_stereo-BRUVs,18,Dasyatidae,Bathytoshia,brevicaudata,37035001,1
2020-06_south-west_stereo-BRUVs,18,Labridae,Coris,auricularis,37384088,9
2020-06_south-west_stereo-BRUVs,18,Labridae,Ophthalmolepis,lineolatus,37384040,9
2020-06_south-west_stereo-BRUVs,18,Labridae,Pseudolabrus,biserialis,37384149,6
2020-06_south-west_stereo-BRUVs,18,Mocanthidae,Meuschenia,galii,37465040,1
2020-06_south-west_stereo-BRUVs,18,Plesiopidae,Trachinops,noarlungae,37316017,8
2020-06_south-west_stereo-BRUVs,18,Pomacentridae,Chromis,klunzingeri,37372044,23
2020-06_south-west_stereo-BRUVs,18,Scorpididae,Neatypus,obliquus,37361002,23
2020-06_south-west_stereo-BRUVs,18,Scorpididae,Tilodon,sexfasciatus,37361003,1
2020-06_south-west_stereo-BRUVs,18,Serranidae,Epinephelides,armatus,37311100,1
2020-06_south-west_stereo-BRUVs,18,Triakidae,Furgaleus,macki,37017003,2
2020-06_south-west_stereo-BRUVs,20,Cheilodactylidae,Nemadactylus,valenciennesi,37377004,2
2020-06_south-west_stereo-BRUVs,20,Heterodontidae,Heterodontus,portusjacksoni,37007001,1
2020-06_south-west_stereo-BRUVs,20,Labridae,Coris,auricularis,37384088,20
2020-06_south-west_stereo-BRUVs,20,Labridae,Pseudolabrus,biserialis,37384149,1
2020-06_south-west_stereo-BRUVs,20,Scorpididae,Neatypus,obliquus,37361002,58
2020-06_south-west_stereo-BRUVs,20,Serranidae,Caesioperca,sp1,,1
2020-06_south-west_stereo-BRUVs,20,Serranidae,Epinephelides,armatus,37311100,2
2020-06_south-west_stereo-BRUVs,20,Sparidae,Chrysophrys,auratus,37353001,1
2020-06_south-west_stereo-BRUVs,20,Urolophidae,Trygonoptera,ovalis,37038016,1
2020-06_south-west_stereo-BRUVs,21,Cheilodactylidae,Nemadactylus,valenciennesi,37377004,1
2020-06_south-west_stereo-BRUVs,21,Heterodontidae,Heterodontus,portusjacksoni,37007001,1
2020-06_south-west_stereo-BRUVs,21,Labridae,Austrolabrus,maculatus,37384025,1
2020-06_south-west_stereo-BRUVs,21,Labridae,Bodianus,frenchii,37384057,1
2020-06_south-west_stereo-BRUVs,21,Labridae,Coris,auricularis,37384088,17
2020-06_south-west_stereo-BRUVs,21,Labridae,Pseudolabrus,biserialis,37384149,2
2020-06_south-west_stereo-BRUVs,21,Mocanthidae,Meuschenia,galii,37465040,1
2020-06_south-west_stereo-BRUVs,21,Pomacentridae,Chromis,klunzingeri,37372044,1
2020-06_south-west_stereo-BRUVs,21,Scorpididae,Neatypus,obliquus,37361002,29
2020-06_south-west_stereo-BRUVs,21,Serranidae,Caesioperca,sp1,,1
2020-06_south-west_stereo-BRUVs,21,Serranidae,Epinephelides,armatus,37311100,2
2020-06_south-west_stereo-BRUVs,21,Urolophidae,Trygonoptera,ovalis,37038016,1
2020-06_south-west_stereo-BRUVs,22,Labridae,Austrolabrus,maculatus,37384025,2
2020-06_south-west_stereo-BRUVs,22,Labridae,Coris,auricularis,37384088,15
2020-06_south-west_stereo-BRUVs,22,Labridae,Ophthalmolepis,lineolatus,37384040,4
2020-06_south-west_stereo-BRUVs,22,Labridae,Suezichthys,bifurcatus,37384160,3
2020-06_south-west_stereo-BRUVs,22,Mocanthidae,Meuschenia,freycineti,37465036,1
2020-06_south-west_stereo-BRUVs,22,Mullidae,Upeneichthys,vlamingii,37355029,1
2020-06_south-west_stereo-BRUVs,22,Pinguipedidae,Parapercis,ramsayi,37390002,1
2020-06_south-west_stereo-BRUVs,22,Pomacentridae,Chromis,klunzingeri,37372044,2
2020-06_south-west_stereo-BRUVs,22,Scorpididae,Neatypus,obliquus,37361002,10
2020-06_south-west_stereo-BRUVs,22,Scorpididae,Tilodon,sexfasciatus,37361003,1
2020-06_south-west_stereo-BRUVs,22,Serranidae,Caesioperca,sp1,,8
2020-06_south-west_stereo-BRUVs,22,Sparidae,Chrysophrys,auratus,37353001,2
2020-06_south-west_stereo-BRUVs,22,Urolophidae,Urolophus,circularis,37038020,1
2020-06_south-west_stereo-BRUVs,23,Heterodontidae,Heterodontus,portusjacksoni,37007001,1
2020-06_south-west_stereo-BRUVs,23,Labridae,Austrolabrus,maculatus,37384025,2
2020-06_south-west_stereo-BRUVs,23,Labridae,Coris,auricularis,37384088,6
2020-06_south-west_stereo-BRUVs,23,Labridae,Pseudolabrus,biserialis,37384149,4
2020-06_south-west_stereo-BRUVs,23,Mocanthidae,Acanthaluteres,brownii,37465001,1
2020-06_south-west_stereo-BRUVs,23,Mocanthidae,Meuschenia,galii,37465040,1
2020-06_south-west_stereo-BRUVs,23,Odacidae,Siphonogthus,caninis,37385011,1
2020-06_south-west_stereo-BRUVs,23,Pomacentridae,Chromis,klunzingeri,37372044,26
2020-06_south-west_stereo-BRUVs,23,Scorpididae,Neatypus,obliquus,37361002,31
2020-06_south-west_stereo-BRUVs,23,Serranidae,Caesioperca,sp1,,5
2020-06_south-west_stereo-BRUVs,23,Sparidae,Chrysophrys,auratus,37353001,2
2020-06_south-west_stereo-BRUVs,24,Aplodactylidae,Aplodactylus,westralis,37376004,1
2020-06_south-west_stereo-BRUVs,24,Cheilodactylidae,Nemadactylus,valenciennesi,37377004,1
2020-06_south-west_stereo-BRUVs,24,Glaucosomatidae,Glaucosoma,hebraicum,37320004,1
2020-06_south-west_stereo-BRUVs,24,Labridae,Bodianus,frenchii,37384057,1
2020-06_south-west_stereo-BRUVs,24,Labridae,Coris,auricularis,37384088,9
2020-06_south-west_stereo-BRUVs,24,Labridae,Pseudolabrus,biserialis,37384149,5
2020-06_south-west_stereo-BRUVs,24,Mocanthidae,Meuschenia,flavolineata,37465035,2
2020-06_south-west_stereo-BRUVs,24,Mocanthidae,Meuschenia,galii,37465040,1
2020-06_south-west_stereo-BRUVs,24,Mullidae,Upeneichthys,vlamingii,37355029,2
2020-06_south-west_stereo-BRUVs,24,Pempherididae,Pempheris,klunzingeri,37357003,5
2020-06_south-west_stereo-BRUVs,24,Plesiopidae,Trachinops,noarlungae,37316017,3
2020-06_south-west_stereo-BRUVs,24,Pomacentridae,Chromis,klunzingeri,37372044,23
2020-06_south-west_stereo-BRUVs,24,Pomacentridae,Chromis,westaustralis,37372055,2
2020-06_south-west_stereo-BRUVs,24,Scorpididae,Neatypus,obliquus,37361002,32
2020-06_south-west_stereo-BRUVs,24,Serranidae,Caesioperca,sp1,,3
2020-06_south-west_stereo-BRUVs,24,Serranidae,Epinephelides,armatus,37311100,2
2020-06_south-west_stereo-BRUVs,24,Sparidae,Chrysophrys,auratus,37353001,1
2020-06_south-west_stereo-BRUVs,25,Carcharhinidae,Carcharhinus,limbatus,37018039,1
2020-06_south-west_stereo-BRUVs,25,Heterodontidae,Heterodontus,portusjacksoni,37007001,1
2020-06_south-west_stereo-BRUVs,25,Labridae,Coris,auricularis,37384088,53
2020-06_south-west_stereo-BRUVs,25,Labridae,Ophthalmolepis,lineolatus,37384040,1
2020-06_south-west_stereo-BRUVs,25,Labridae,Pseudolabrus,biserialis,37384149,2
2020-06_south-west_stereo-BRUVs,25,Pomacentridae,Chromis,klunzingeri,37372044,4
2020-06_south-west_stereo-BRUVs,25,Scorpididae,Neatypus,obliquus,37361002,18
2020-06_south-west_stereo-BRUVs,25,Scorpididae,Tilodon,sexfasciatus,37361003,1
2020-06_south-west_stereo-BRUVs,25,Serranidae,Caesioperca,sp1,,22
2020-06_south-west_stereo-BRUVs,25,Sparidae,Chrysophrys,auratus,37353001,1
2020-06_south-west_stereo-BRUVs,26,Chaetodontidae,Chelmonops,curiosus,37365066,1
2020-06_south-west_stereo-BRUVs,26,Cheilodactylidae,Nemadactylus,valenciennesi,37377004,1
2020-06_south-west_stereo-BRUVs,26,Labridae,Bodianus,frenchii,37384057,1
2020-06_south-west_stereo-BRUVs,26,Labridae,Coris,auricularis,37384088,1
2020-06_south-west_stereo-BRUVs,26,Labridae,Ophthalmolepis,lineolatus,37384040,1
2020-06_south-west_stereo-BRUVs,26,Labridae,Pseudolabrus,biserialis,37384149,6
2020-06_south-west_stereo-BRUVs,26,Mocanthidae,Meuschenia,flavolineata,37465035,2
2020-06_south-west_stereo-BRUVs,26,Mocanthidae,Meuschenia,galii,37465040,1
2020-06_south-west_stereo-BRUVs,26,Mullidae,Upeneichthys,vlamingii,37355029,1
2020-06_south-west_stereo-BRUVs,26,Pomacentridae,Chromis,klunzingeri,37372044,15
2020-06_south-west_stereo-BRUVs,26,Pomacentridae,Chromis,westaustralis,37372055,4
2020-06_south-west_stereo-BRUVs,26,Pomacentridae,Parma,bicolor,37372092,1
2020-06_south-west_stereo-BRUVs,26,Scorpididae,Neatypus,obliquus,37361002,34
2020-06_south-west_stereo-BRUVs,26,Serranidae,Caesioperca,sp1,,21
2020-06_south-west_stereo-BRUVs,26,Serranidae,Epinephelides,armatus,37311100,2
2020-06_south-west_stereo-BRUVs,26,Urolophidae,Trygonoptera,ovalis,37038016,1
2020-06_south-west_stereo-BRUVs,27,Cheilodactylidae,Nemadactylus,valenciennesi,37377004,1
2020-06_south-west_stereo-BRUVs,27,Labridae,Coris,auricularis,37384088,62
2020-06_south-west_stereo-BRUVs,27,Labridae,Pseudolabrus,biserialis,37384149,2
2020-06_south-west_stereo-BRUVs,27,Mullidae,Upeneichthys,vlamingii,37355029,1
2020-06_south-west_stereo-BRUVs,27,Pinguipedidae,Parapercis,ramsayi,37390002,1
2020-06_south-west_stereo-BRUVs,27,Scorpididae,Neatypus,obliquus,37361002,16
2020-06_south-west_stereo-BRUVs,27,Urolophidae,Trygonoptera,ovalis,37038016,1
2020-06_south-west_stereo-BRUVs,28,Labridae,Coris,auricularis,37384088,111
2020-06_south-west_stereo-BRUVs,28,Labridae,Notolabrus,parilus,37384022,1
2020-06_south-west_stereo-BRUVs,28,Labridae,Ophthalmolepis,lineolatus,37384040,4
2020-06_south-west_stereo-BRUVs,28,Labridae,Pseudolabrus,biserialis,37384149,8
2020-06_south-west_stereo-BRUVs,28,Mocanthidae,Meuschenia,galii,37465040,1
2020-06_south-west_stereo-BRUVs,28,Mullidae,Upeneichthys,vlamingii,37355029,1
2020-06_south-west_stereo-BRUVs,28,Odacidae,Siphonogthus,caninis,37385011,1
2020-06_south-west_stereo-BRUVs,28,Pomacentridae,Chromis,klunzingeri,37372044,36
2020-06_south-west_stereo-BRUVs,28,Urolophidae,Trygonoptera,ovalis,37038016,1
2020-06_south-west_stereo-BRUVs,29,Carangidae,Pseudocaranx,spp,,9
2020-06_south-west_stereo-BRUVs,29,Carcharhinidae,Carcharhinus,brevipin,37018023,1
2020-06_south-west_stereo-BRUVs,29,Dasyatidae,Bathytoshia,brevicaudata,37035001,1
2020-06_south-west_stereo-BRUVs,29,Labridae,Austrolabrus,maculatus,37384025,1
2020-06_south-west_stereo-BRUVs,29,Labridae,Coris,auricularis,37384088,1
2020-06_south-west_stereo-BRUVs,29,Labridae,Ophthalmolepis,lineolatus,37384040,3
2020-06_south-west_stereo-BRUVs,29,Labridae,Pseudolabrus,biserialis,37384149,6
2020-06_south-west_stereo-BRUVs,29,Mocanthidae,Meuschenia,galii,37465040,1
2020-06_south-west_stereo-BRUVs,29,Pomacentridae,Chromis,klunzingeri,37372044,10
2020-06_south-west_stereo-BRUVs,29,Scorpididae,Neatypus,obliquus,37361002,19
2020-06_south-west_stereo-BRUVs,29,Serranidae,Caesioperca,sp1,,7
2020-06_south-west_stereo-BRUVs,29,Triakidae,Furgaleus,macki,37017003,1
2020-06_south-west_stereo-BRUVs,29,Urolophidae,Trygonoptera,ovalis,37038016,1
2020-06_south-west_stereo-BRUVs,30,Cheilodactylidae,Nemadactylus,valenciennesi,37377004,1
2020-06_south-west_stereo-BRUVs,30,Labridae,Austrolabrus,maculatus,37384025,1
2020-06_south-west_stereo-BRUVs,30,Labridae,Coris,auricularis,37384088,3
2020-06_south-west_stereo-BRUVs,30,Labridae,Ophthalmolepis,lineolatus,37384040,5
2020-06_south-west_stereo-BRUVs,30,Labridae,Pseudolabrus,biserialis,37384149,10
2020-06_south-west_stereo-BRUVs,30,Mocanthidae,Meuschenia,galii,37465040,1
2020-06_south-west_stereo-BRUVs,30,Mocanthidae,Meuschenia,scaber,37465005,1
2020-06_south-west_stereo-BRUVs,30,Mocanthidae,Meuschenia,venusta,37465060,1
2020-06_south-west_stereo-BRUVs,30,Mullidae,Upeneichthys,vlamingii,37355029,1
2020-06_south-west_stereo-BRUVs,30,Pomacentridae,Chromis,klunzingeri,37372044,3
2020-06_south-west_stereo-BRUVs,30,Scorpididae,Neatypus,obliquus,37361002,8
2020-06_south-west_stereo-BRUVs,30,Serranidae,Caesioperca,sp1,,5
2020-06_south-west_stereo-BRUVs,30,Urolophidae,Trygonoptera,ovalis,37038016,1
2020-06_south-west_stereo-BRUVs,31,Carangidae,Pseudocaranx,spp,,1
2020-06_south-west_stereo-BRUVs,31,Cheilodactylidae,Nemadactylus,valenciennesi,37377004,1
2020-06_south-west_stereo-BRUVs,31,Heterodontidae,Heterodontus,portusjacksoni,37007001,2
2020-06_south-west_stereo-BRUVs,31,Labridae,Coris,auricularis,37384088,2
2020-06_south-west_stereo-BRUVs,31,Labridae,Ophthalmolepis,lineolatus,37384040,4
2020-06_south-west_stereo-BRUVs,31,Labridae,Pseudolabrus,biserialis,37384149,6
2020-06_south-west_stereo-BRUVs,31,Mullidae,Parupeneus,chrysopleuron,37355016,1
2020-06_south-west_stereo-BRUVs,31,Mullidae,Upeneichthys,vlamingii,37355029,1
2020-06_south-west_stereo-BRUVs,31,Pomacentridae,Chromis,klunzingeri,37372044,18
2020-06_south-west_stereo-BRUVs,31,Scorpididae,Neatypus,obliquus,37361002,5
2020-06_south-west_stereo-BRUVs,31,Serranidae,Caesioperca,sp1,,33
2020-06_south-west_stereo-BRUVs,31,Serranidae,Epinephelides,armatus,37311100,1
2020-06_south-west_stereo-BRUVs,31,Sparidae,Chrysophrys,auratus,37353001,1
2020-06_south-west_stereo-BRUVs,31,Triakidae,Furgaleus,macki,37017003,1
2020-06_south-west_stereo-BRUVs,32,Gerreidae,Parequula,melbournensis,37349001,4
2020-06_south-west_stereo-BRUVs,32,Labridae,Coris,auricularis,37384088,1
2020-06_south-west_stereo-BRUVs,32,Labridae,Ophthalmolepis,lineolatus,37384040,4
2020-06_south-west_stereo-BRUVs,32,Labridae,Pseudolabrus,biserialis,37384149,5
2020-06_south-west_stereo-BRUVs,32,Mullidae,Upeneichthys,vlamingii,37355029,1
2020-06_south-west_stereo-BRUVs,32,Pomacentridae,Chromis,klunzingeri,37372044,27
2020-06_south-west_stereo-BRUVs,32,Scorpididae,Neatypus,obliquus,37361002,19
2020-06_south-west_stereo-BRUVs,32,Scyliorhinidae,Aulohalaelurus,labiosus,37015029,1
2020-06_south-west_stereo-BRUVs,32,Serranidae,Epinephelides,armatus,37311100,1
2020-06_south-west_stereo-BRUVs,33,Labridae,Austrolabrus,maculatus,37384025,1
2020-06_south-west_stereo-BRUVs,33,Labridae,Coris,auricularis,37384088,26
2020-06_south-west_stereo-BRUVs,33,Labridae,Ophthalmolepis,lineolatus,37384040,2
2020-06_south-west_stereo-BRUVs,33,Labridae,Pseudolabrus,biserialis,37384149,7
2020-06_south-west_stereo-BRUVs,33,Mocanthidae,Meuschenia,galii,37465040,1
2020-06_south-west_stereo-BRUVs,33,Mullidae,Upeneichthys,vlamingii,37355029,2
2020-06_south-west_stereo-BRUVs,33,Pomacentridae,Chromis,klunzingeri,37372044,40
2020-06_south-west_stereo-BRUVs,33,Pomacentridae,Chromis,westaustralis,37372055,1
2020-06_south-west_stereo-BRUVs,33,Scorpididae,Neatypus,obliquus,37361002,4
2020-06_south-west_stereo-BRUVs,33,Serranidae,Caesioperca,rasor,37311003,1
2020-06_south-west_stereo-BRUVs,33,Serranidae,Caesioperca,sp1,,1
2020-06_south-west_stereo-BRUVs,33,Sparidae,Chrysophrys,auratus,37353001,1
2020-06_south-west_stereo-BRUVs,34,Labridae,Coris,auricularis,37384088,4
2020-06_south-west_stereo-BRUVs,34,Labridae,Eupetrichthys,angustipes,37384105,2
2020-06_south-west_stereo-BRUVs,34,Odacidae,Siphonogthus,caninis,37385011,1
2020-06_south-west_stereo-BRUVs,34,Pinguipedidae,Parapercis,ramsayi,37390002,1
2020-06_south-west_stereo-BRUVs,34,Rhinobatidae,Trygonorrhi,dumerilii,37027011,1
2020-06_south-west_stereo-BRUVs,34,Serranidae,Caesioperca,sp1,,1
2020-06_south-west_stereo-BRUVs,34,Urolophidae,Trygonoptera,ovalis,37038016,1
2020-06_south-west_stereo-BRUVs,35,Heterodontidae,Heterodontus,portusjacksoni,37007001,2
2020-06_south-west_stereo-BRUVs,35,Labridae,Austrolabrus,maculatus,37384025,2
2020-06_south-west_stereo-BRUVs,35,Labridae,Coris,auricularis,37384088,5
2020-06_south-west_stereo-BRUVs,35,Labridae,Eupetrichthys,angustipes,37384105,1
2020-06_south-west_stereo-BRUVs,35,Labridae,Ophthalmolepis,lineolatus,37384040,6
2020-06_south-west_stereo-BRUVs,35,Labridae,Pseudolabrus,biserialis,37384149,4
2020-06_south-west_stereo-BRUVs,35,Scorpididae,Neatypus,obliquus,37361002,4
2020-06_south-west_stereo-BRUVs,35,Scyliorhinidae,Aulohalaelurus,labiosus,37015029,1
2020-06_south-west_stereo-BRUVs,36,Carcharhinidae,Carcharhinus,limbatus,37018039,1
2020-06_south-west_stereo-BRUVs,36,Gerreidae,Parequula,melbournensis,37349001,1
2020-06_south-west_stereo-BRUVs,36,Heterodontidae,Heterodontus,portusjacksoni,37007001,1
2020-06_south-west_stereo-BRUVs,36,Labridae,Austrolabrus,maculatus,37384025,1
2020-06_south-west_stereo-BRUVs,36,Labridae,Coris,auricularis,37384088,51
2020-06_south-west_stereo-BRUVs,36,Labridae,Ophthalmolepis,lineolatus,37384040,5
2020-06_south-west_stereo-BRUVs,36,Labridae,Pseudolabrus,biserialis,37384149,2
2020-06_south-west_stereo-BRUVs,36,Mullidae,Parupeneus,chrysopleuron,37355016,1
2020-06_south-west_stereo-BRUVs,36,Mullidae,Upeneichthys,vlamingii,37355029,2
2020-06_south-west_stereo-BRUVs,36,Pomacentridae,Chromis,klunzingeri,37372044,1
2020-06_south-west_stereo-BRUVs,36,Scorpididae,Neatypus,obliquus,37361002,19
2020-06_south-west_stereo-BRUVs,36,Serranidae,Caesioperca,sp1,,25
2020-06_south-west_stereo-BRUVs,36,Urolophidae,Trygonoptera,ovalis,37038016,1
2020-06_south-west_stereo-BRUVs,37,Dasyatidae,Bathytoshia,brevicaudata,37035001,1
2020-06_south-west_stereo-BRUVs,37,Heterodontidae,Heterodontus,portusjacksoni,37007001,2
2020-06_south-west_stereo-BRUVs,37,Labridae,Austrolabrus,maculatus,37384025,3
2020-06_south-west_stereo-BRUVs,37,Labridae,Ophthalmolepis,lineolatus,37384040,1
2020-06_south-west_stereo-BRUVs,37,Mocanthidae,Brachaluteres,jacksonianus,37465025,1
2020-06_south-west_stereo-BRUVs,37,Mocanthidae,Meuschenia,freycineti,37465036,1
2020-06_south-west_stereo-BRUVs,37,Mocanthidae,Scobinichthys,granulatus,37465007,1
2020-06_south-west_stereo-BRUVs,38,Labridae,Austrolabrus,maculatus,37384025,2
2020-06_south-west_stereo-BRUVs,38,Labridae,Coris,auricularis,37384088,3
2020-06_south-west_stereo-BRUVs,38,Labridae,Ophthalmolepis,lineolatus,37384040,3
2020-06_south-west_stereo-BRUVs,38,Mocanthidae,Acanthaluteres,vittiger,37465002,1
2020-06_south-west_stereo-BRUVs,38,Mullidae,Upeneichthys,vlamingii,37355029,1
2020-06_south-west_stereo-BRUVs,38,Odacidae,Siphonogthus,caninis,37385011,1
2020-06_south-west_stereo-BRUVs,38,Pomacentridae,Chromis,klunzingeri,37372044,8
2020-06_south-west_stereo-BRUVs,38,Scorpididae,Neatypus,obliquus,37361002,3
2020-06_south-west_stereo-BRUVs,39,Dasyatidae,Bathytoshia,brevicaudata,37035001,1
2020-06_south-west_stereo-BRUVs,39,Heterodontidae,Heterodontus,portusjacksoni,37007001,2
2020-06_south-west_stereo-BRUVs,39,Labridae,Austrolabrus,maculatus,37384025,2
2020-06_south-west_stereo-BRUVs,39,Labridae,Coris,auricularis,37384088,1
2020-06_south-west_stereo-BRUVs,39,Labridae,Ophthalmolepis,lineolatus,37384040,5
2020-06_south-west_stereo-BRUVs,39,Labridae,Pseudolabrus,biserialis,37384149,3
2020-06_south-west_stereo-BRUVs,39,Mocanthidae,Acanthaluteres,vittiger,37465002,1
2020-06_south-west_stereo-BRUVs,39,Mocanthidae,Scobinichthys,granulatus,37465007,1
2020-06_south-west_stereo-BRUVs,39,Mullidae,Upeneichthys,vlamingii,37355029,1
2020-06_south-west_stereo-BRUVs,39,Pempherididae,Pempheris,klunzingeri,37357003,8
2020-06_south-west_stereo-BRUVs,39,Pomacentridae,Chromis,klunzingeri,37372044,31
2020-06_south-west_stereo-BRUVs,39,Scorpididae,Neatypus,obliquus,37361002,5
2020-06_south-west_stereo-BRUVs,39,Scorpididae,Tilodon,sexfasciatus,37361003,1
2020-06_south-west_stereo-BRUVs,39,Urolophidae,Trygonoptera,ovalis,37038016,1
2020-06_south-west_stereo-BRUVs,40,Carangidae,Pseudocaranx,spp,,1
2020-06_south-west_stereo-BRUVs,40,Dasyatidae,Bathytoshia,brevicaudata,37035001,1
2020-06_south-west_stereo-BRUVs,40,Labridae,Austrolabrus,maculatus,37384025,1
2020-06_south-west_stereo-BRUVs,40,Labridae,Coris,auricularis,37384088,22
2020-06_south-west_stereo-BRUVs,40,Labridae,Eupetrichthys,angustipes,37384105,1
2020-06_south-west_stereo-BRUVs,40,Labridae,Ophthalmolepis,lineolatus,37384040,4
2020-06_south-west_stereo-BRUVs,40,Labridae,Pseudolabrus,biserialis,37384149,4
2020-06_south-west_stereo-BRUVs,40,Mocanthidae,Brachaluteres,jacksonianus,37465025,1
2020-06_south-west_stereo-BRUVs,40,Mullidae,Upeneichthys,vlamingii,37355029,1
2020-06_south-west_stereo-BRUVs,40,Odacidae,Siphonogthus,sp1,,1
2020-06_south-west_stereo-BRUVs,40,Scorpididae,Neatypus,obliquus,37361002,10
