"campaignid","sample","family","genus","species","length","number","range","mass.kg","code"
"2021-05_Abrolhos_stereo-BRUVs","npz6.10","Carangidae","Seriola","dumerili",414.13365,1,1872.45618,1.55120652148156,"37337025"
"2021-05_Abrolhos_stereo-BRUVs","npz6.10","Carangidae","Seriola","dumerili",446.80786,1,2511.48532,1.91710269443004,"37337025"
"2021-05_Abrolhos_stereo-BRUVs","npz6.10","Carangidae","Seriola","dumerili",446.26441,1,2083.98847,1.91060096494785,"37337025"
"2021-05_Abrolhos_stereo-BRUVs","npz6.10","Carangidae","Seriola","dumerili",452.64395,1,1327.79347,1.98783343528168,"37337025"
"2021-05_Abrolhos_stereo-BRUVs","npz6.10","Carangidae","Seriola","dumerili",459.07871,1,2500.12803,2.06776275958577,"37337025"
"2021-05_Abrolhos_stereo-BRUVs","npz6.10","Sparidae","Chrysophrys","auratus",367.40997,1,1530.25354,1.05070916332881,"37353001"
"2021-05_Abrolhos_stereo-BRUVs","npz6.10","Sparidae","Chrysophrys","auratus",303.44706,1,1284.89741,0.61584807383765,"37353001"
"2021-05_Abrolhos_stereo-BRUVs","npz6.10","Sparidae","Chrysophrys","auratus",327.17062,1,1277.9053,0.759942203869632,"37353001"
"2021-05_Abrolhos_stereo-BRUVs","npz6.10","Sparidae","Chrysophrys","auratus",292.07022,1,1382.25058,0.553505472812864,"37353001"
"2021-05_Abrolhos_stereo-BRUVs","npz6.10","Tetraodontidae","Lagocephalus","sceleratus",424.6619,1,2695.93282,1.04995090708767,"37467007"
"2021-05_Abrolhos_stereo-BRUVs","npz6.10","Tetraodontidae","Lagocephalus","sceleratus",591.70621,1,3868.42491,2.76953758762206,"37467007"
"2021-05_Abrolhos_stereo-BRUVs","npz6.13","Sparidae","Chrysophrys","auratus",544.82221,1,1240.31316,3.15773454875683,"37353001"
"2021-05_Abrolhos_stereo-BRUVs","npz6.13","Sparidae","Chrysophrys","auratus",478.18797,1,1802.0467,2.19348652711068,"37353001"
"2021-05_Abrolhos_stereo-BRUVs","npz6.13","Sparidae","Chrysophrys","auratus",426.01511,1,2235.21474,1.58854669715534,"37353001"
"2021-05_Abrolhos_stereo-BRUVs","npz6.13","Sparidae","Chrysophrys","auratus",441.41138,1,1830.18918,1.75413865576991,"37353001"
"2021-05_Abrolhos_stereo-BRUVs","npz6.14","Carangidae","Seriola","hippos",542.53282,1,3130.68968,3.12962914224574,"37337007"
"2021-05_Abrolhos_stereo-BRUVs","npz6.14","Labridae","Choerodon","rubescens",425.19382,1,1719.36352,1.42799447528688,"37384039"
"2021-05_Abrolhos_stereo-BRUVs","npz6.14","Labridae","Choerodon","rubescens",270.85874,1,2035.52127,0.364182384554994,"37384039"
"2021-05_Abrolhos_stereo-BRUVs","npz6.14","Lethrinidae","Lethrinus","miniatus",481.74457,1,2221.94949,2.14618966238844,"37351009"
"2021-05_Abrolhos_stereo-BRUVs","npz6.14","Lethrinidae","Lethrinus","miniatus",385.92729,1,2236.86838,1.03772856899625,"37351009"
"2021-05_Abrolhos_stereo-BRUVs","npz6.14","Lethrinidae","Lethrinus","miniatus",322.35062,1,1595.86071,0.575334584479529,"37351009"
"2021-05_Abrolhos_stereo-BRUVs","npz6.14","Lethrinidae","Lethrinus","miniatus",395.60811,1,1243.95501,1.12548620816046,"37351009"
"2021-05_Abrolhos_stereo-BRUVs","npz6.14","Lethrinidae","Lethrinus","miniatus",523.25876,1,1279.71016,2.81384996791055,"37351009"
"2021-05_Abrolhos_stereo-BRUVs","npz6.14","Lethrinidae","Lethrinus","nebulosus",602.06538,1,4991.72879,4.01948970965256,"37351008"
"2021-05_Abrolhos_stereo-BRUVs","npz6.15","Triakidae","Mustelus","spp",728.54002,1,1663.20264,2.02488812359303,NA
"2021-05_Abrolhos_stereo-BRUVs","npz6.17","Carangidae","Seriola","hippos",648.13341,1,1605.17073,5.33590461743249,"37337007"
"2021-05_Abrolhos_stereo-BRUVs","npz6.17","Sparidae","Chrysophrys","auratus",510.44865,1,1166.98323,2.63224345697178,"37353001"
"2021-05_Abrolhos_stereo-BRUVs","npz6.17","Sparidae","Chrysophrys","auratus",436.31224,1,1714.3946,1.69812666288716,"37353001"
"2021-05_Abrolhos_stereo-BRUVs","npz6.17","Sparidae","Chrysophrys","auratus",366.13704,1,1516.51434,1.04057338148952,"37353001"
"2021-05_Abrolhos_stereo-BRUVs","npz6.18","Haemulidae","Diagramma","pictum labiosum",666.26856,1,1968.37392,4.79500428493874,"37350003"
"2021-05_Abrolhos_stereo-BRUVs","npz6.18","Haemulidae","Diagramma","pictum labiosum",629.01199,1,2239.08921,4.05124147713213,"37350003"
"2021-05_Abrolhos_stereo-BRUVs","npz6.18","Haemulidae","Diagramma","pictum labiosum",551.74505,1,1827.17865,2.75968137210908,"37350003"
"2021-05_Abrolhos_stereo-BRUVs","npz6.18","Haemulidae","Diagramma","pictum labiosum",632.83368,1,2004.40577,4.12376356067346,"37350003"
"2021-05_Abrolhos_stereo-BRUVs","npz6.18","Haemulidae","Diagramma","pictum labiosum",676.62326,1,2390.70945,5.01657547514131,"37350003"
"2021-05_Abrolhos_stereo-BRUVs","npz6.18","Haemulidae","Diagramma","pictum labiosum",689.92638,1,2311.57097,5.31099414705295,"37350003"
"2021-05_Abrolhos_stereo-BRUVs","npz6.18","Haemulidae","Diagramma","pictum labiosum",609.31968,1,1774.07899,3.69084271819222,"37350003"
"2021-05_Abrolhos_stereo-BRUVs","npz6.18","Haemulidae","Diagramma","pictum labiosum",639.36275,1,2916.51496,4.24963085452188,"37350003"
"2021-05_Abrolhos_stereo-BRUVs","npz6.18","Haemulidae","Diagramma","pictum labiosum",666.49832,1,2181.61159,4.7998493727027,"37350003"
"2021-05_Abrolhos_stereo-BRUVs","npz6.2","Labridae","Choerodon","rubescens",358.3793,1,2027.70873,0.850681770134777,"37384039"
"2021-05_Abrolhos_stereo-BRUVs","npz6.2","Lethrinidae","Lethrinus","miniatus",292.49548,1,1899.1113,0.418420235680161,"37351009"
"2021-05_Abrolhos_stereo-BRUVs","npz6.2","Lethrinidae","Lethrinus","miniatus",327.38365,1,1946.83829,0.605295920992425,"37351009"
"2021-05_Abrolhos_stereo-BRUVs","npz6.2","Scombridae","Scomberomorus","spp",691.3613,1,3092.39736,4.8356454824175,NA
"2021-05_Abrolhos_stereo-BRUVs","npz6.20","Haemulidae","Diagramma","pictum labiosum",650.97792,1,1280.79796,4.47975330080369,"37350003"
"2021-05_Abrolhos_stereo-BRUVs","npz6.20","Haemulidae","Diagramma","pictum labiosum",557.49136,1,1397.60402,2.84471832375613,"37350003"
"2021-05_Abrolhos_stereo-BRUVs","npz6.20","Haemulidae","Diagramma","pictum labiosum",535.18968,1,1492.43634,2.52408549114704,"37350003"
"2021-05_Abrolhos_stereo-BRUVs","npz6.20","Labridae","Choerodon","rubescens",336.91902,1,2062.25401,0.705521804293796,"37384039"
"2021-05_Abrolhos_stereo-BRUVs","npz6.20","Labridae","Choerodon","rubescens",251.13499,1,1284.79624,0.289618955573107,"37384039"
"2021-05_Abrolhos_stereo-BRUVs","npz6.20","Lethrinidae","Lethrinus","miniatus",422.51928,1,1397.27988,1.39634571401637,"37351009"
"2021-05_Abrolhos_stereo-BRUVs","npz6.20","Lethrinidae","Lethrinus","miniatus",325.33232,1,1398.05301,0.592956811849453,"37351009"
"2021-05_Abrolhos_stereo-BRUVs","npz6.20","Lethrinidae","Lethrinus","miniatus",373.96972,1,1245.72397,0.936039677250208,"37351009"
"2021-05_Abrolhos_stereo-BRUVs","npz6.20","Lethrinidae","Lethrinus","miniatus",419.0732,1,2174.64558,1.35937371933916,"37351009"
"2021-05_Abrolhos_stereo-BRUVs","npz6.20","Lethrinidae","Lethrinus","nebulosus",686.08892,1,4562.17345,5.94515667125764,"37351008"
"2021-05_Abrolhos_stereo-BRUVs","npz6.20","Lethrinidae","Lethrinus","nebulosus",528.89089,1,1316.18143,2.72617870562389,"37351008"
"2021-05_Abrolhos_stereo-BRUVs","npz6.20","Lethrinidae","Lethrinus","nebulosus",626.32466,1,1542.32903,4.52452103186384,"37351008"
"2021-05_Abrolhos_stereo-BRUVs","npz6.21","Carcharhinidae","Carcharhinus","plumbeus",1185.30176,1,1290.1122,19.2220292106282,"37018007"
"2021-05_Abrolhos_stereo-BRUVs","npz6.21","Labridae","Choerodon","rubescens",393.73422,1,3424.43424,1.13128926911521,"37384039"
"2021-05_Abrolhos_stereo-BRUVs","npz6.21","Labridae","Choerodon","rubescens",473.84596,1,1419.59079,1.98284492497973,"37384039"
"2021-05_Abrolhos_stereo-BRUVs","npz6.21","Labridae","Choerodon","rubescens",387.79128,1,2533.58083,1.08033922986498,"37384039"
"2021-05_Abrolhos_stereo-BRUVs","npz6.21","Lethrinidae","Lethrinus","nebulosus",520.31555,1,1351.24743,2.5958747783933,"37351008"
"2021-05_Abrolhos_stereo-BRUVs","npz6.21","Lethrinidae","Lethrinus","nebulosus",613.54899,1,1305.19877,4.25359545222645,"37351008"
"2021-05_Abrolhos_stereo-BRUVs","npz6.21","Lethrinidae","Lethrinus","nebulosus",503.39618,1,1392.9713,2.35108429375107,"37351008"
"2021-05_Abrolhos_stereo-BRUVs","npz6.21","Lethrinidae","Lethrinus","nebulosus",546.12797,1,1482.27959,3.00113709956988,"37351008"
"2021-05_Abrolhos_stereo-BRUVs","npz6.21","Lethrinidae","Lethrinus","nebulosus",585.99331,1,1368.12918,3.70649188358193,"37351008"
"2021-05_Abrolhos_stereo-BRUVs","npz6.21","Sparidae","Chrysophrys","auratus",447.70679,1,1312.4569,1.82490938044872,"37353001"
"2021-05_Abrolhos_stereo-BRUVs","npz6.21","Sparidae","Chrysophrys","auratus",429.48654,1,1176.85023,1.62496520934793,"37353001"
"2021-05_Abrolhos_stereo-BRUVs","npz6.21","Sparidae","Chrysophrys","auratus",411.48109,1,1377.6808,1.44176730161113,"37353001"
"2021-05_Abrolhos_stereo-BRUVs","npz6.21","Sparidae","Chrysophrys","auratus",637.65007,1,2321.35858,4.90020927896509,"37353001"
"2021-05_Abrolhos_stereo-BRUVs","npz6.21","Sparidae","Chrysophrys","auratus",451.11874,1,992.8618,1.86401905828467,"37353001"
"2021-05_Abrolhos_stereo-BRUVs","npz6.24","Carangidae","Seriola","hippos",865.20955,1,1967.36931,12.693422736791,"37337007"
"2021-05_Abrolhos_stereo-BRUVs","npz6.24","Carangidae","Seriola","hippos",907.23737,1,1850.48418,14.6344910483147,"37337007"
"2021-05_Abrolhos_stereo-BRUVs","npz6.24","Haemulidae","Diagramma","pictum labiosum",727.99501,1,4278.97071,6.21584803487598,"37350003"
"2021-05_Abrolhos_stereo-BRUVs","npz6.24","Labridae","Choerodon","rubescens",524.64544,1,3609.79469,2.69961462748059,"37384039"
"2021-05_Abrolhos_stereo-BRUVs","npz6.24","Labridae","Suezichthys","cyanolaemus",56.65307,1,1159.49761,0.00103616555984086,"37384161"
"2021-05_Abrolhos_stereo-BRUVs","npz6.24","Lethrinidae","Lethrinus","miniatus",666.33792,1,5872.36234,6.21274415038656,"37351009"
"2021-05_Abrolhos_stereo-BRUVs","npz6.24","Lethrinidae","Lethrinus","miniatus",497.94464,1,1405.99177,2.39185873784341,"37351009"
"2021-05_Abrolhos_stereo-BRUVs","npz6.24","Lethrinidae","Lethrinus","miniatus",509.36811,1,1326.03032,2.57640053332316,"37351009"
"2021-05_Abrolhos_stereo-BRUVs","npz6.24","Lethrinidae","Lethrinus","miniatus",739.52625,1,7323.22765,8.74146657300189,"37351009"
"2021-05_Abrolhos_stereo-BRUVs","npz6.24","Lethrinidae","Lethrinus","miniatus",511.20783,1,1536.83765,2.60701706770069,"37351009"
"2021-05_Abrolhos_stereo-BRUVs","npz6.24","Lethrinidae","Lethrinus","miniatus",428.90428,1,2198.76608,1.46668533790841,"37351009"
"2021-05_Abrolhos_stereo-BRUVs","npz6.24","Mullidae","Parupeneus","spilurus",85.71134,1,1915.98746,0.0126468945738148,"37355015"
"2021-05_Abrolhos_stereo-BRUVs","npz6.26","Carangidae","Carangoides","fulvoguttatus",671.26179,1,1416.762,4.43417962900728,"37337037"
"2021-05_Abrolhos_stereo-BRUVs","npz6.26","Labridae","Choerodon","rubescens",453.18111,1,2398.85343,1.73225426174387,"37384039"
"2021-05_Abrolhos_stereo-BRUVs","npz6.26","Labridae","Choerodon","rubescens",549.72377,1,4343.10518,3.10989676217215,"37384039"
"2021-05_Abrolhos_stereo-BRUVs","npz6.26","Labridae","Choerodon","rubescens",327.29853,1,2709.08874,0.646232170276881,"37384039"
"2021-05_Abrolhos_stereo-BRUVs","npz6.26","Labridae","Choerodon","rubescens",496.62623,1,3559.73136,2.28600901492223,"37384039"
"2021-05_Abrolhos_stereo-BRUVs","npz6.26","Labridae","Choerodon","rubescens",512.45867,1,4819.84516,2.51405276677065,"37384039"
"2021-05_Abrolhos_stereo-BRUVs","npz6.26","Lethrinidae","Lethrinus","miniatus",499.6861,1,5038.64278,2.41937783009226,"37351009"
"2021-05_Abrolhos_stereo-BRUVs","npz6.26","Lethrinidae","Lethrinus","miniatus",529.21933,1,2527.36855,2.9202477609131,"37351009"
"2021-05_Abrolhos_stereo-BRUVs","npz6.26","Lethrinidae","Lethrinus","miniatus",373.84421,1,1368.27609,0.935010694190076,"37351009"
"2021-05_Abrolhos_stereo-BRUVs","npz6.26","Lethrinidae","Lethrinus","miniatus",526.34461,1,875.47205,2.86859066522861,"37351009"
"2021-05_Abrolhos_stereo-BRUVs","npz6.26","Lethrinidae","Lethrinus","nebulosus",529.88138,1,4533.99517,2.741504212562,"37351008"
"2021-05_Abrolhos_stereo-BRUVs","npz6.26","Lethrinidae","Lethrinus","nebulosus",607.13248,1,6799.00834,4.12170001969136,"37351008"
"2021-05_Abrolhos_stereo-BRUVs","npz6.26","Sparidae","Chrysophrys","auratus",411.14198,1,1697.59707,1.43845113832452,"37353001"
"2021-05_Abrolhos_stereo-BRUVs","npz6.26","Sparidae","Chrysophrys","auratus",392.79292,1,1064.10597,1.26623708872458,"37353001"
"2021-05_Abrolhos_stereo-BRUVs","npz6.27","Carangidae","Seriola","hippos",937.32267,1,2216.02144,16.1392070580896,"37337007"
"2021-05_Abrolhos_stereo-BRUVs","npz6.27","Labridae","Choerodon","rubescens",384.58469,1,2081.1137,1.05349825795213,"37384039"
"2021-05_Abrolhos_stereo-BRUVs","npz6.27","Lethrinidae","Lethrinus","miniatus",501.68234,1,1467.64476,2.45119276959278,"37351009"
"2021-05_Abrolhos_stereo-BRUVs","npz6.27","Lethrinidae","Lethrinus","miniatus",303.77395,1,1197.58515,0.473645604617324,"37351009"
"2021-05_Abrolhos_stereo-BRUVs","npz6.27","Lethrinidae","Lethrinus","miniatus",405.6315,1,1272.11308,1.22164917336079,"37351009"
"2021-05_Abrolhos_stereo-BRUVs","npz6.27","Lethrinidae","Lethrinus","miniatus",378.49834,1,1340.76949,0.973696010580491,"37351009"
"2021-05_Abrolhos_stereo-BRUVs","npz6.27","Lethrinidae","Lethrinus","miniatus",284.14,1,1174.88553,0.380512950023924,"37351009"
"2021-05_Abrolhos_stereo-BRUVs","npz6.27","Lethrinidae","Lethrinus","miniatus",380.47538,1,1436.4294,0.99046061368135,"37351009"
"2021-05_Abrolhos_stereo-BRUVs","npz6.27","Lethrinidae","Lethrinus","nebulosus",725.27485,1,1097.08807,7.02161981883864,"37351008"
"2021-05_Abrolhos_stereo-BRUVs","npz6.27","Lethrinidae","Lethrinus","nebulosus",656.57803,1,1803.38229,5.21140046725846,"37351008"
"2021-05_Abrolhos_stereo-BRUVs","npz6.27","Lethrinidae","Lethrinus","nebulosus",663.63219,1,1419.62709,5.38096190077399,"37351008"
"2021-05_Abrolhos_stereo-BRUVs","npz6.28","Triakidae","Mustelus","spp",707.39895,1,1350.8778,1.86243131859732,NA
"2021-05_Abrolhos_stereo-BRUVs","npz6.36","Carangidae","Seriola","hippos",639.00148,1,2201.62386,5.11352546019229,"37337007"
"2021-05_Abrolhos_stereo-BRUVs","npz6.36","Labridae","Choerodon","rubescens",418.81086,1,2404.82983,1.36402531359044,"37384039"
"2021-05_Abrolhos_stereo-BRUVs","npz6.36","Lethrinidae","Lethrinus","miniatus",413.27859,1,1240.99286,1.29874732417788,"37351009"
"2021-05_Abrolhos_stereo-BRUVs","npz6.36","Lethrinidae","Lethrinus","nebulosus",631.18795,1,999.89609,4.63060008715066,"37351008"
"2021-05_Abrolhos_stereo-BRUVs","npz6.36","Lethrinidae","Lethrinus","nebulosus",571.17483,1,1196.93882,3.43269310448612,"37351008"
"2021-05_Abrolhos_stereo-BRUVs","npz6.36","Serranidae","Epinephelus","rivulatus",265.70951,1,1664.5147,0.283484234598593,"37311022"
"2021-05_Abrolhos_stereo-BRUVs","npz6.36","Sparidae","Chrysophrys","auratus",439.53165,1,816.18901,1.7333547341811,"37353001"
"2021-05_Abrolhos_stereo-BRUVs","npz6.36","Sparidae","Chrysophrys","auratus",348.41815,1,1792.18263,0.90594827901804,"37353001"
"2021-05_Abrolhos_stereo-BRUVs","npz6.36","Sparidae","Chrysophrys","auratus",472.38178,1,1496.64554,2.11990640868272,"37353001"
"2021-05_Abrolhos_stereo-BRUVs","npz6.36","Sparidae","Chrysophrys","auratus",488.43062,1,1013.68096,2.3272465905922,"37353001"
"2021-05_Abrolhos_stereo-BRUVs","npz6.36","Sparidae","Chrysophrys","auratus",357.45173,1,1557.2011,0.973088096341154,"37353001"
"2021-05_Abrolhos_stereo-BRUVs","npz6.36","Sparidae","Chrysophrys","auratus",327.8511,1,1305.94022,0.764365052279189,"37353001"
"2021-05_Abrolhos_stereo-BRUVs","npz6.36","Sparidae","Chrysophrys","auratus",320.68717,1,1626.48087,0.718624169315522,"37353001"
"2021-05_Abrolhos_stereo-BRUVs","npz6.36","Sparidae","Chrysophrys","auratus",394.84071,1,1458.59866,1.28476112410541,"37353001"
"2021-05_Abrolhos_stereo-BRUVs","npz6.4","Carangidae","Seriola","hippos",561.44626,1,1640.7943,3.46848172091713,"37337007"
"2021-05_Abrolhos_stereo-BRUVs","npz6.4","Carcharhinidae","Carcharhinus","plumbeus",909.80678,1,1618.43232,8.66525594066327,"37018007"
"2021-05_Abrolhos_stereo-BRUVs","npz6.4","Labridae","Coris","auricularis",182.06122,1,1681.12519,0.071823306189675,"37384088"
"2021-05_Abrolhos_stereo-BRUVs","npz6.4","Labridae","Coris","auricularis",134.61961,1,1813.82164,0.0285148757689199,"37384088"
"2021-05_Abrolhos_stereo-BRUVs","npz6.4","Labridae","Coris","auricularis",187.70427,1,1790.11598,0.0788553032184652,"37384088"
"2021-05_Abrolhos_stereo-BRUVs","npz6.4","Labridae","Coris","auricularis",212.97957,1,1368.40375,0.116068431168487,"37384088"
"2021-05_Abrolhos_stereo-BRUVs","npz6.4","Labridae","Coris","auricularis",137.25336,1,1881.40332,0.0302566146291925,"37384088"
"2021-05_Abrolhos_stereo-BRUVs","npz6.4","Labridae","Coris","auricularis",155.88169,1,1841.45998,0.04466352777099,"37384088"
"2021-05_Abrolhos_stereo-BRUVs","npz6.4","Lethrinidae","Lethrinus","miniatus",526.22271,1,1560.95475,2.86641433090312,"37351009"
"2021-05_Abrolhos_stereo-BRUVs","npz6.4","Lethrinidae","Lethrinus","miniatus",420.63666,1,1771.41759,1.37606221498361,"37351009"
"2021-05_Abrolhos_stereo-BRUVs","npz6.4","Lethrinidae","Lethrinus","nebulosus",587.61143,1,1542.42887,3.73724169794832,"37351008"
"2021-05_Abrolhos_stereo-BRUVs","npz6.4","Lethrinidae","Lethrinus","nebulosus",546.28104,1,1419.50563,3.00365807135802,"37351008"
"2021-05_Abrolhos_stereo-BRUVs","npz6.4","Nemipteridae","Pentapodus","nagasakiensis",156.96267,1,1169.5637,0.053906497705451,"37347012"
"2021-05_Abrolhos_stereo-BRUVs","npz6.4","Nemipteridae","Pentapodus","spp",68.48464,1,910.24489,0.00616116846986575,NA
"2021-05_Abrolhos_stereo-BRUVs","npz6.4","Pinguipedidae","Parapercis","nebulosa",90.07812,1,2018.68572,0.00593490770942607,"37390005"
"2021-05_Abrolhos_stereo-BRUVs","npz6.4","Serranidae","Epinephelus","rivulatus",267.81472,1,1746.64876,0.290473410567944,"37311022"
"2021-05_Abrolhos_stereo-BRUVs","npz6.4","Sparidae","Chrysophrys","auratus",387.93766,1,1407.7827,1.22300450294492,"37353001"
"2021-05_Abrolhos_stereo-BRUVs","npz6.4","Sparidae","Chrysophrys","auratus",289.02218,1,1244.45031,0.537522585591473,"37353001"
"2021-05_Abrolhos_stereo-BRUVs","npz6.4","Sparidae","Chrysophrys","auratus",352.35497,1,1046.27834,0.934829081291832,"37353001"
"2021-05_Abrolhos_stereo-BRUVs","npz6.4","Sparidae","Chrysophrys","auratus",347.60052,1,1722.2863,0.900022897474476,"37353001"
"2021-05_Abrolhos_stereo-BRUVs","npz6.4","Sparidae","Chrysophrys","auratus",372.04727,1,1432.58152,1.08816939616041,"37353001"
"2021-05_Abrolhos_stereo-BRUVs","npz6.4","Sparidae","Chrysophrys","auratus",338.54933,1,1660.8567,0.836084328227746,"37353001"
"2021-05_Abrolhos_stereo-BRUVs","npz6.4","Sparidae","Chrysophrys","auratus",353.94789,1,1243.1108,0.946680637878742,"37353001"
"2021-05_Abrolhos_stereo-BRUVs","npz6.4","Sparidae","Chrysophrys","auratus",520.51751,1,1113.3055,2.77984043058152,"37353001"
"2021-05_Abrolhos_stereo-BRUVs","npz6.4","Sparidae","Chrysophrys","auratus",431.36359,1,1268.94942,1.6448784312183,"37353001"
"2021-05_Abrolhos_stereo-BRUVs","npz6.4","Sparidae","Chrysophrys","auratus",317.65758,1,1263.47644,0.699822759349879,"37353001"
"2021-05_Abrolhos_stereo-BRUVs","npz6.4","Sparidae","Chrysophrys","auratus",381.14257,1,1469.81013,1.1641078632445,"37353001"
"2021-05_Abrolhos_stereo-BRUVs","npz6.4","Sparidae","Chrysophrys","auratus",354.6237,1,1385.65723,0.951737753126002,"37353001"
"2021-05_Abrolhos_stereo-BRUVs","npz6.4","Sparidae","Chrysophrys","auratus",365.16709,1,1674.16033,1.03289238803288,"37353001"
"2021-05_Abrolhos_stereo-BRUVs","npz6.4","Sparidae","Chrysophrys","auratus",441.12149,1,1177.34759,1.75092300529857,"37353001"
"2021-05_Abrolhos_stereo-BRUVs","npz6.4","Sparidae","Chrysophrys","auratus",510.92299,1,1208.86742,2.63908094252129,"37353001"
"2021-05_Abrolhos_stereo-BRUVs","npz6.5","Labridae","Choerodon","rubescens",416.00359,1,2323.23471,1.33651007166878,"37384039"
"2021-05_Abrolhos_stereo-BRUVs","npz6.5","Labridae","Choerodon","rubescens",306.31041,1,2769.59791,0.528662141149058,"37384039"
"2021-05_Abrolhos_stereo-BRUVs","npz6.5","Lethrinidae","Lethrinus","nebulosus",534.90751,1,1526.299,2.8201569799167,"37351008"
"2021-05_Abrolhos_stereo-BRUVs","npz6.5","Lethrinidae","Lethrinus","nebulosus",589.76914,1,2876.30134,3.77850934609283,"37351008"
"2021-05_Abrolhos_stereo-BRUVs","npz6.5","Sparidae","Chrysophrys","auratus",524.01706,1,1507.99549,2.83235527422194,"37353001"
"2021-05_Abrolhos_stereo-BRUVs","npz6.5","Sparidae","Chrysophrys","auratus",451.67371,1,2485.28894,1.87043084090112,"37353001"
"2021-05_Abrolhos_stereo-BRUVs","npz6.5","Sparidae","Chrysophrys","auratus",505.88124,1,1848.38833,2.56698671355914,"37353001"
"2021-05_Abrolhos_stereo-BRUVs","npz6.6","Carangidae","Seriola","hippos",866.70427,1,1664.37116,12.7593232205764,"37337007"
"2021-05_Abrolhos_stereo-BRUVs","npz6.6","Haemulidae","Diagramma","pictum labiosum",507.025,1,2210.99943,2.15442905401974,"37350003"
"2021-05_Abrolhos_stereo-BRUVs","npz6.6","Labridae","Choerodon","rubescens",398.09802,1,4071.59463,1.16970902631774,"37384039"
"2021-05_Abrolhos_stereo-BRUVs","npz6.6","Lethrinidae","Lethrinus","miniatus",441.42577,1,3980.94655,1.61171032767562,"37351009"
"2021-05_Abrolhos_stereo-BRUVs","npz6.6","Lethrinidae","Lethrinus","miniatus",429.51379,1,1406.35536,1.47352599510555,"37351009"
"2021-05_Abrolhos_stereo-BRUVs","npz6.6","Lethrinidae","Lethrinus","miniatus",359.75067,1,2829.74094,0.824387522270261,"37351009"
"2021-05_Abrolhos_stereo-BRUVs","npz6.6","Lethrinidae","Lethrinus","miniatus",332.40739,1,1392.26478,0.636266227428304,"37351009"
"2021-05_Abrolhos_stereo-BRUVs","npz6.6","Lethrinidae","Lethrinus","miniatus",481.73013,1,1851.09401,2.14597887644236,"37351009"
"2021-05_Abrolhos_stereo-BRUVs","npz6.6","Lethrinidae","Lethrinus","miniatus",376.10889,1,1366.36873,0.95369870318218,"37351009"
"2021-05_Abrolhos_stereo-BRUVs","npz6.6","Lethrinidae","Lethrinus","miniatus",338.49525,1,1808.37861,0.675251565694099,"37351009"
"2021-05_Abrolhos_stereo-BRUVs","npz6.6","Lethrinidae","Lethrinus","miniatus",443.71013,1,1451.72069,1.63920118974233,"37351009"
"2021-05_Abrolhos_stereo-BRUVs","npz6.6","Lethrinidae","Lethrinus","miniatus",457.45759,1,1352.11543,1.8115635045591,"37351009"
"2021-05_Abrolhos_stereo-BRUVs","npz6.6","Lethrinidae","Lethrinus","miniatus",479.76219,1,2302.06792,2.11738647147859,"37351009"
"2021-05_Abrolhos_stereo-BRUVs","npz6.6","Lethrinidae","Lethrinus","nebulosus",581.84305,1,1639.39679,3.62839438677958,"37351008"
"2021-05_Abrolhos_stereo-BRUVs","npz6.8","Carcharhinidae","Carcharhinus","spp",588.73446,1,1153.09475,1.93924169111657,NA
"2021-05_Abrolhos_stereo-BRUVs","npz6.8","Sphyrnidae","Sphyrna","lewini",1415.52164,1,2816.51463,31.8509593324231,"37019001"
"2021-05_Abrolhos_stereo-BRUVs","npz6.9","Lethrinidae","Lethrinus","miniatus",395.80715,1,1102.13758,1.12734273861649,"37351009"
"2021-05_Abrolhos_stereo-BRUVs","npz6.9","Lethrinidae","Lethrinus","nebulosus",485.58074,1,1645.72328,2.11048806916096,"37351008"
"2021-05_Abrolhos_stereo-BRUVs","npz6.9","Sparidae","Chrysophrys","auratus",335.465,1,909.44304,0.814983143023591,"37353001"
"2021-05_Abrolhos_stereo-BRUVs","npz6.9","Sparidae","Chrysophrys","auratus",469.70334,1,984.06875,2.08650486883903,"37353001"
"2021-05_Abrolhos_stereo-BRUVs","npz6.9","Sparidae","Chrysophrys","auratus",388.27761,1,1216.80332,1.22600016779554,"37353001"
"2021-05_Abrolhos_stereo-BRUVs","npz6.9","Sparidae","Chrysophrys","auratus",382.6499,1,1287.42576,1.17701184357868,"37353001"
"2021-05_Abrolhos_stereo-BRUVs","npz6.9","Sparidae","Chrysophrys","auratus",391.08249,1,1871.76217,1.25089689495013,"37353001"
"2021-05_Abrolhos_stereo-BRUVs","npz6.9","Sparidae","Chrysophrys","auratus",405.80423,1,1275.49978,1.38689675377725,"37353001"
"2021-05_Abrolhos_stereo-BRUVs","npz6.9","Sparidae","Chrysophrys","auratus",415.17258,1,1508.9369,1.47818437707254,"37353001"
"2021-05_Abrolhos_stereo-BRUVs","npz6.9","Sparidae","Chrysophrys","auratus",415.44011,1,1384.43939,1.48084629234338,"37353001"
"2021-05_Abrolhos_stereo-BRUVs","npz6.9","Sparidae","Chrysophrys","auratus",412.15771,1,1184.32845,1.44839863837523,"37353001"
"2021-05_Abrolhos_stereo-BRUVs","npz6.9","Sparidae","Chrysophrys","auratus",353.66438,1,1236.30592,0.944564267979939,"37353001"
"2021-05_Abrolhos_stereo-BRUVs","npz6.9","Sparidae","Chrysophrys","auratus",327.60168,1,1070.98569,0.762742008839815,"37353001"
"2021-05_Abrolhos_stereo-BRUVs","npz6.BOSS41","Carangidae","Seriola","dumerili",650.77287,1,2245.57106,5.49967691536302,"37337025"
"2021-05_Abrolhos_stereo-BRUVs","npz6.BOSS41","Carangidae","Seriola","hippos",868.26922,1,3767.1113,12.8285640664355,"37337007"
"2021-05_Abrolhos_stereo-BRUVs","npz6.BOSS41","Carangidae","Seriola","hippos",969.63202,1,4568.86684,17.8663433806169,"37337007"
"2021-05_Abrolhos_stereo-BRUVs","npz6.BOSS41","Sparidae","Chrysophrys","auratus",430.05255,1,2106.97533,1.63095349533893,"37353001"
"2021-05_Abrolhos_stereo-BRUVs","npz6.BOSS41","Sparidae","Chrysophrys","auratus",348.42562,1,1620.0899,0.906002529364843,"37353001"
"2021-05_Abrolhos_stereo-BRUVs","npz6.BOSS41","Sparidae","Chrysophrys","auratus",490.83695,1,1350.08869,2.35941148081955,"37353001"
"2021-05_Abrolhos_stereo-BRUVs","npz6.C01","Rhinidae","Rhynchobatus","australiae",995.8047,1,1855.42306,6.67195359647638,NA
"2021-05_Abrolhos_stereo-BRUVs","npz6.C01","Sparidae","Chrysophrys","auratus",318.43498,1,1335.57502,0.704616744919261,"37353001"
"2021-05_Abrolhos_stereo-BRUVs","npz6.C01","Tetraodontidae","Lagocephalus","sceleratus",383.44091,1,1917.00632,0.778941943361053,"37467007"
"2021-05_Abrolhos_stereo-BRUVs","npz6.C01","Tetraodontidae","Lagocephalus","sceleratus",454.365,1,1884.32688,1.27944592255048,"37467007"
"2021-05_Abrolhos_stereo-BRUVs","npz6.C01","Triakidae","Mustelus","spp",764.30915,1,1057.91797,2.32015749511954,NA
"2021-05_Abrolhos_stereo-BRUVs","npz9.1","Labridae","Bodianus","solatus",296.2177,1,1616.66531,0.370099104676411,"37384201"
"2021-05_Abrolhos_stereo-BRUVs","npz9.1","Lethrinidae","Lethrinus","miniatus",526.43035,1,1349.64995,2.8701221067508,"37351009"
"2021-05_Abrolhos_stereo-BRUVs","npz9.1","Lethrinidae","Lethrinus","miniatus",457.2279,1,1915.7041,1.80858475101439,"37351009"
"2021-05_Abrolhos_stereo-BRUVs","npz9.1","Lethrinidae","Lethrinus","miniatus",485.59175,1,1194.30321,2.20286255056763,"37351009"
"2021-05_Abrolhos_stereo-BRUVs","npz9.1","Lutjanidae","Pristipomoides","multidens",439.62269,1,1874.74692,1.75997879334846,"37346002"
"2021-05_Abrolhos_stereo-BRUVs","npz9.1","Lutjanidae","Pristipomoides","multidens",493.42967,1,2030.29266,2.46792788849034,"37346002"
"2021-05_Abrolhos_stereo-BRUVs","npz9.1","Lutjanidae","Pristipomoides","multidens",470.17065,1,1802.34112,2.14256029485381,"37346002"
"2021-05_Abrolhos_stereo-BRUVs","npz9.1","Lutjanidae","Pristipomoides","typus",447.982,1,2018.50689,1.27371387475608,"37346019"
"2021-05_Abrolhos_stereo-BRUVs","npz9.1","Serranidae","Epinephelus","areolatus",401.69513,1,2145.87458,0.670263237889624,"37311009"
"2021-05_Abrolhos_stereo-BRUVs","npz9.1","Sparidae","Chrysophrys","auratus",341.8734,1,1373.49517,0.859214834303134,"37353001"
"2021-05_Abrolhos_stereo-BRUVs","npz9.10","Carangidae","Decapterus","spp",306.80249,1,3564.43245,0.483494564795032,NA
"2021-05_Abrolhos_stereo-BRUVs","npz9.10","Carangidae","Decapterus","spp",284.75635,1,3506.45973,0.388053588921965,NA
"2021-05_Abrolhos_stereo-BRUVs","npz9.10","Carangidae","Decapterus","spp",300.22029,1,3104.93042,0.453541303864931,NA
"2021-05_Abrolhos_stereo-BRUVs","npz9.10","Carangidae","Pseudocaranx","spp",424.08063,1,2095.30399,1.25594089071855,NA
"2021-05_Abrolhos_stereo-BRUVs","npz9.10","Carangidae","Pseudocaranx","spp",380.84272,1,1800.08111,0.914638931024061,NA
"2021-05_Abrolhos_stereo-BRUVs","npz9.10","Carangidae","Seriola","dumerili",423.7633,1,1705.68873,1.65383197702492,"37337025"
"2021-05_Abrolhos_stereo-BRUVs","npz9.10","Carangidae","Seriola","dumerili",423.03318,1,1762.09268,1.64590071899482,"37337025"
"2021-05_Abrolhos_stereo-BRUVs","npz9.10","Carangidae","Seriola","dumerili",390.10048,1,1594.76759,1.31336979039268,"37337025"
"2021-05_Abrolhos_stereo-BRUVs","npz9.10","Carangidae","Seriola","dumerili",388.6405,1,1629.66028,1.29974282233887,"37337025"
"2021-05_Abrolhos_stereo-BRUVs","npz9.10","Carangidae","Seriola","dumerili",446.11875,1,1891.3607,1.90886075761403,"37337025"
"2021-05_Abrolhos_stereo-BRUVs","npz9.10","Haemulidae","Diagramma","pictum labiosum",554.23513,1,2617.12333,2.79632226173107,"37350003"
"2021-05_Abrolhos_stereo-BRUVs","npz9.10","Lethrinidae","Lethrinus","miniatus",411.68396,1,1124.16454,1.28239908151725,"37351009"
"2021-05_Abrolhos_stereo-BRUVs","npz9.10","Lethrinidae","Lethrinus","miniatus",486.8842,1,1518.46949,2.22213261641501,"37351009"
"2021-05_Abrolhos_stereo-BRUVs","npz9.10","Lethrinidae","Lethrinus","miniatus",420.15251,1,1695.59065,1.37087923217195,"37351009"
"2021-05_Abrolhos_stereo-BRUVs","npz9.10","Lethrinidae","Lethrinus","miniatus",553.77069,1,1136.97058,3.38806786825098,"37351009"
"2021-05_Abrolhos_stereo-BRUVs","npz9.10","Lethrinidae","Lethrinus","miniatus",489.81618,1,1468.21189,2.26628130956832,"37351009"
"2021-05_Abrolhos_stereo-BRUVs","npz9.10","Lethrinidae","Lethrinus","miniatus",505.57011,1,1109.24872,2.51398619087209,"37351009"
"2021-05_Abrolhos_stereo-BRUVs","npz9.10","Lethrinidae","Lethrinus","miniatus",443.30218,1,1614.08982,1.63426805175688,"37351009"
"2021-05_Abrolhos_stereo-BRUVs","npz9.10","Lethrinidae","Lethrinus","miniatus",453.06039,1,1979.25079,1.7551272373042,"37351009"
"2021-05_Abrolhos_stereo-BRUVs","npz9.10","Lethrinidae","Lethrinus","nebulosus",491.55582,1,2388.90288,2.1892566383923,"37351008"
"2021-05_Abrolhos_stereo-BRUVs","npz9.10","Sparidae","Chrysophrys","auratus",464.51772,1,1194.77264,2.02280182356677,"37353001"
"2021-05_Abrolhos_stereo-BRUVs","npz9.11","Carangidae","Seriola","hippos",520.37066,1,2079.78871,2.76155206705176,"37337007"
"2021-05_Abrolhos_stereo-BRUVs","npz9.11","Labridae","Coris","auricularis",211.89032,1,1390.59457,0.114261525382123,"37384088"
"2021-05_Abrolhos_stereo-BRUVs","npz9.11","Labridae","Stethojulis","spp",137.49682,1,1373.45953,0.0373017814837458,NA
"2021-05_Abrolhos_stereo-BRUVs","npz9.11","Lethrinidae","Lethrinus","miniatus",406.98762,1,1267.55312,1.23508310075023,"37351009"
"2021-05_Abrolhos_stereo-BRUVs","npz9.11","Lethrinidae","Lethrinus","miniatus",463.56403,1,1552.10687,1.89201154506356,"37351009"
"2021-05_Abrolhos_stereo-BRUVs","npz9.11","Lethrinidae","Lethrinus","miniatus",494.32839,1,1264.07769,2.33540966588916,"37351009"
"2021-05_Abrolhos_stereo-BRUVs","npz9.11","Lethrinidae","Lethrinus","miniatus",470.76453,1,1319.07641,1.99002297480714,"37351009"
"2021-05_Abrolhos_stereo-BRUVs","npz9.11","Lethrinidae","Lethrinus","miniatus",465.70292,1,1328.71512,1.92076698905486,"37351009"
"2021-05_Abrolhos_stereo-BRUVs","npz9.11","Lethrinidae","Lethrinus","miniatus",486.34703,1,1178.22858,2.21410939973049,"37351009"
"2021-05_Abrolhos_stereo-BRUVs","npz9.11","Lethrinidae","Lethrinus","miniatus",515.54216,1,2716.35349,2.68014661946822,"37351009"
"2021-05_Abrolhos_stereo-BRUVs","npz9.13","Carcharhinidae","Carcharhinus","plumbeus",1103.82903,1,5410.34584,15.5112484553338,"37018007"
"2021-05_Abrolhos_stereo-BRUVs","npz9.13","Serranidae","Epinephelus","areolatus",394.36111,1,1274.23602,0.63483677004653,"37311009"
"2021-05_Abrolhos_stereo-BRUVs","npz9.14","Carangidae","Seriola","hippos",657.82005,1,4614.18471,5.57874036473996,"37337007"
"2021-05_Abrolhos_stereo-BRUVs","npz9.14","Lethrinidae","Gymnocranius","grandoculis",523.41854,1,1971.56969,2.90873947690965,"37351005"
"2021-05_Abrolhos_stereo-BRUVs","npz9.14","Lethrinidae","Gymnocranius","grandoculis",557.06492,1,2240.72992,3.48145233707617,"37351005"
"2021-05_Abrolhos_stereo-BRUVs","npz9.14","Lethrinidae","Gymnocranius","grandoculis",496.45874,1,3877.78829,2.4971843907408,"37351005"
"2021-05_Abrolhos_stereo-BRUVs","npz9.14","Lethrinidae","Lethrinus","miniatus",556.42298,1,1765.34216,3.44153013446531,"37351009"
"2021-05_Abrolhos_stereo-BRUVs","npz9.14","Sparidae","Chrysophrys","auratus",382.13476,1,952.42042,1.17259154958686,"37353001"
"2021-05_Abrolhos_stereo-BRUVs","npz9.16","Labridae","Bodianus","solatus",344.41201,1,3053.26774,0.586129046535446,"37384201"
"2021-05_Abrolhos_stereo-BRUVs","npz9.16","Lethrinidae","Lethrinus","miniatus",461.97761,1,1820.32232,1.87087774858956,"37351009"
"2021-05_Abrolhos_stereo-BRUVs","npz9.16","Lutjanidae","Pristipomoides","spp",419.24654,1,4059.26329,1.32292801379986,NA
"2021-05_Abrolhos_stereo-BRUVs","npz9.16","Sparidae","Chrysophrys","auratus",401.63638,1,1858.34716,1.34747787987813,"37353001"
"2021-05_Abrolhos_stereo-BRUVs","npz9.17","Carangidae","Seriola","hippos",765.62454,1,3563.28012,8.79553712129191,"37337007"
"2021-05_Abrolhos_stereo-BRUVs","npz9.17","Carangidae","Seriola","hippos",851.07802,1,6758.12848,12.0815583059751,"37337007"
"2021-05_Abrolhos_stereo-BRUVs","npz9.17","Labridae","Bodianus","vulpinus",336.39593,1,4041.81265,0.590243234808878,"37384001"
"2021-05_Abrolhos_stereo-BRUVs","npz9.17","Lethrinidae","Lethrinus","miniatus",461.41773,1,1825.1342,1.863458529645,"37351009"
"2021-05_Abrolhos_stereo-BRUVs","npz9.17","Lethrinidae","Lethrinus","miniatus",512.21117,1,1325.26432,2.62382067608691,"37351009"
"2021-05_Abrolhos_stereo-BRUVs","npz9.17","Lethrinidae","Lethrinus","miniatus",428.32901,1,1446.18313,1.46024923344714,"37351009"
"2021-05_Abrolhos_stereo-BRUVs","npz9.17","Lethrinidae","Lethrinus","miniatus",455.09622,1,1299.87567,1.78110203053254,"37351009"
"2021-05_Abrolhos_stereo-BRUVs","npz9.17","Lutjanidae","Pristipomoides","multidens",557.10961,1,1280.03869,3.52113865671139,"37346002"
"2021-05_Abrolhos_stereo-BRUVs","npz9.17","Lutjanidae","Pristipomoides","multidens",507.89163,1,1838.35896,2.6857560042032,"37346002"
"2021-05_Abrolhos_stereo-BRUVs","npz9.17","Lutjanidae","Pristipomoides","multidens",451.00248,1,1463.94182,1.89672693298304,"37346002"
"2021-05_Abrolhos_stereo-BRUVs","npz9.17","Lutjanidae","Pristipomoides","multidens",451.28915,1,1907.10388,1.90025913295565,"37346002"
"2021-05_Abrolhos_stereo-BRUVs","npz9.17","Pinguipedidae","Parapercis","nebulosa",71.22675,1,2094.2234,0.00293417095979712,"37390005"
"2021-05_Abrolhos_stereo-BRUVs","npz9.17","Serranidae","Epinephelus","areolatus",442.50742,1,1360.83889,0.89143586125604,"37311009"
"2021-05_Abrolhos_stereo-BRUVs","npz9.17","Serranidae","Epinephelus","areolatus",396.66921,1,1650.92655,0.64584898638476,"37311009"
"2021-05_Abrolhos_stereo-BRUVs","npz9.17","Serranidae","Epinephelus","areolatus",387.95213,1,1239.95182,0.604910884483135,"37311009"
"2021-05_Abrolhos_stereo-BRUVs","npz9.17","Serranidae","Epinephelus","morrhua",460.40602,1,1735.93618,1.40137572838721,"37311151"
"2021-05_Abrolhos_stereo-BRUVs","npz9.17","Sparidae","Chrysophrys","auratus",561.36218,1,2058.39315,3.43282821130075,"37353001"
"2021-05_Abrolhos_stereo-BRUVs","npz9.18","Lutjanidae","Pristipomoides","multidens",385.9404,1,1870.90227,1.20198811767336,"37346002"
"2021-05_Abrolhos_stereo-BRUVs","npz9.18","Lutjanidae","Pristipomoides","multidens",409.18672,1,3059.19594,1.42651106621602,"37346002"
"2021-05_Abrolhos_stereo-BRUVs","npz9.18","Monacanthidae","Nelusetta","ayraud",389.88779,1,2162.49222,0.566129522868071,"37465006"
"2021-05_Abrolhos_stereo-BRUVs","npz9.18","Monacanthidae","Nelusetta","ayraud",504.76898,1,1514.12377,1.16907262887152,"37465006"
"2021-05_Abrolhos_stereo-BRUVs","npz9.18","Sparidae","Chrysophrys","auratus",388.39563,1,1363.42867,1.22704126928006,"37353001"
"2021-05_Abrolhos_stereo-BRUVs","npz9.18","Sparidae","Chrysophrys","auratus",396.0751,1,1310.39067,1.2960108075536,"37353001"
"2021-05_Abrolhos_stereo-BRUVs","npz9.18","Sparidae","Chrysophrys","auratus",320.83566,1,1394.03871,0.719553924573888,"37353001"
"2021-05_Abrolhos_stereo-BRUVs","npz9.18","Tetraodontidae","Lagocephalus","sceleratus",458.67829,1,2229.06928,1.31528535881859,"37467007"
"2021-05_Abrolhos_stereo-BRUVs","npz9.18","Triakidae","Mustelus","spp",684.82793,1,3933.1388,1.69857488308247,NA
"2021-05_Abrolhos_stereo-BRUVs","npz9.2","Lethrinidae","Gymnocranius","grandoculis",598.5451,1,2713.18303,4.28295249746823,"37351005"
"2021-05_Abrolhos_stereo-BRUVs","npz9.2","Sparidae","Chrysophrys","auratus",512.69107,1,1463.78608,2.66466777981695,"37353001"
"2021-05_Abrolhos_stereo-BRUVs","npz9.2","Tetraodontidae","Lagocephalus","sceleratus",414.05275,1,2349.56863,0.975082331741941,"37467007"
"2021-05_Abrolhos_stereo-BRUVs","npz9.21","Carangidae","Seriola","dumerili",622.29766,1,2691.94807,4.84960379139461,"37337025"
"2021-05_Abrolhos_stereo-BRUVs","npz9.21","Carangidae","Seriola","dumerili",643.08016,1,3148.40191,5.31880005042645,"37337025"
"2021-05_Abrolhos_stereo-BRUVs","npz9.21","Lethrinidae","Lethrinus","miniatus",471.70516,1,1247.73957,2.00308163810791,"37351009"
"2021-05_Abrolhos_stereo-BRUVs","npz9.21","Lutjanidae","Pristipomoides","multidens",537.53414,1,838.537,3.17101156319736,"37346002"
"2021-05_Abrolhos_stereo-BRUVs","npz9.21","Lutjanidae","Pristipomoides","multidens",564.41833,1,1081.23399,3.65811161530953,"37346002"
"2021-05_Abrolhos_stereo-BRUVs","npz9.21","Lutjanidae","Pristipomoides","multidens",501.94357,1,4068.44901,2.59469573037161,"37346002"
"2021-05_Abrolhos_stereo-BRUVs","npz9.21","Lutjanidae","Pristipomoides","multidens",566.38168,1,1308.31516,3.69549512667025,"37346002"
"2021-05_Abrolhos_stereo-BRUVs","npz9.21","Lutjanidae","Pristipomoides","multidens",502.63841,1,1309.12554,2.60522666308629,"37346002"
"2021-05_Abrolhos_stereo-BRUVs","npz9.21","Sparidae","Chrysophrys","auratus",360.94625,1,1258.70203,0.999891669934261,"37353001"
"2021-05_Abrolhos_stereo-BRUVs","npz9.22","Labridae","Unknown","spp",129.05533,1,2423.8404,0.030987617289846,NA
"2021-05_Abrolhos_stereo-BRUVs","npz9.22","Lethrinidae","Lethrinus","miniatus",568.63479,1,1445.86645,3.69526516672757,"37351009"
"2021-05_Abrolhos_stereo-BRUVs","npz9.22","Lutjanidae","Pristipomoides","multidens",563.64699,1,2362.16854,3.64349319350837,"37346002"
"2021-05_Abrolhos_stereo-BRUVs","npz9.24","Lethrinidae","Gymnocranius","grandoculis",590.91935,1,3661.34016,4.12741617674328,"37351005"
"2021-05_Abrolhos_stereo-BRUVs","npz9.24","Triakidae","Hemitriakis","falcata",772.52825,1,4031.25012,2.54385014756497,"37017009"
"2021-05_Abrolhos_stereo-BRUVs","npz9.24","Triakidae","Mustelus","spp",667.64575,1,2312.21195,1.58031707078384,NA
"2021-05_Abrolhos_stereo-BRUVs","npz9.25","Lutjanidae","Pristipomoides","multidens",538.58457,1,1870.19854,3.18918963507531,"37346002"
"2021-05_Abrolhos_stereo-BRUVs","npz9.25","Lutjanidae","Pristipomoides","multidens",560.72728,1,1752.72854,3.58850734286129,"37346002"
"2021-05_Abrolhos_stereo-BRUVs","npz9.25","Lutjanidae","Pristipomoides","multidens",708.63405,1,2458.69802,7.12204261794799,"37346002"
"2021-05_Abrolhos_stereo-BRUVs","npz9.25","Lutjanidae","Pristipomoides","multidens",589.49042,1,2505.62641,4.15455806174987,"37346002"
"2021-05_Abrolhos_stereo-BRUVs","npz9.25","Sparidae","Chrysophrys","auratus",347.14732,1,1310.1121,0.896749292817314,"37353001"
"2021-05_Abrolhos_stereo-BRUVs","npz9.25","Sparidae","Chrysophrys","auratus",468.37636,1,1733.6033,2.07008269899906,"37353001"
"2021-05_Abrolhos_stereo-BRUVs","npz9.25","Sparidae","Chrysophrys","auratus",370.78897,1,1313.93294,1.07792147216425,"37353001"
"2021-05_Abrolhos_stereo-BRUVs","npz9.25","Sparidae","Chrysophrys","auratus",429.99554,1,1512.68439,1.6303496990874,"37353001"
"2021-05_Abrolhos_stereo-BRUVs","npz9.25","Sparidae","Chrysophrys","auratus",413.6928,1,1593.41899,1.46351609002972,"37353001"
"2021-05_Abrolhos_stereo-BRUVs","npz9.25","Tetraodontidae","Lagocephalus","sceleratus",644.11226,1,3733.39591,3.54954099831254,"37467007"
"2021-05_Abrolhos_stereo-BRUVs","npz9.25","Triakidae","Hemitriakis","falcata",778.53352,1,2775.59181,2.60504823630354,"37017009"
"2021-05_Abrolhos_stereo-BRUVs","npz9.26","Carangidae","Decapterus","spp",305.84303,1,2541.96788,0.479049396280295,NA
"2021-05_Abrolhos_stereo-BRUVs","npz9.26","Haemulidae","Diagramma","pictum labiosum",498.73663,1,902.26881,2.05288657947984,"37350003"
"2021-05_Abrolhos_stereo-BRUVs","npz9.26","Haemulidae","Diagramma","pictum labiosum",523.92904,1,1879.75958,2.37166043065866,"37350003"
"2021-05_Abrolhos_stereo-BRUVs","npz9.26","Lethrinidae","Lethrinus","miniatus",511.28439,1,1212.46985,2.60829662679252,"37351009"
"2021-05_Abrolhos_stereo-BRUVs","npz9.26","Lethrinidae","Lethrinus","miniatus",503.55102,1,1547.41193,2.48123707006575,"37351009"
"2021-05_Abrolhos_stereo-BRUVs","npz9.26","Lethrinidae","Lethrinus","miniatus",516.07465,1,1228.94529,2.6892280525444,"37351009"
"2021-05_Abrolhos_stereo-BRUVs","npz9.26","Lethrinidae","Lethrinus","miniatus",514.32389,1,1315.88649,2.65944962606454,"37351009"
"2021-05_Abrolhos_stereo-BRUVs","npz9.26","Lethrinidae","Lethrinus","miniatus",412.26127,1,1509.33792,1.28830108520735,"37351009"
"2021-05_Abrolhos_stereo-BRUVs","npz9.26","Lethrinidae","Lethrinus","miniatus",434.10607,1,1295.35764,1.52578062280469,"37351009"
"2021-05_Abrolhos_stereo-BRUVs","npz9.26","Lethrinidae","Lethrinus","miniatus",466.52542,1,1314.08051,1.93190512627569,"37351009"
"2021-05_Abrolhos_stereo-BRUVs","npz9.26","Lethrinidae","Lethrinus","miniatus",437.18763,1,1396.17105,1.56155818302878,"37351009"
"2021-05_Abrolhos_stereo-BRUVs","npz9.26","Pinguipedidae","Parapercis","nebulosa",43.93856,1,1166.82531,0.000688800554794862,"37390005"
"2021-05_Abrolhos_stereo-BRUVs","npz9.26","Sparidae","Chrysophrys","auratus",568.52267,1,2612.18431,3.55653036940912,"37353001"
"2021-05_Abrolhos_stereo-BRUVs","npz9.26","Sparidae","Chrysophrys","auratus",503.89283,1,1180.80123,2.53890520337908,"37353001"
"2021-05_Abrolhos_stereo-BRUVs","npz9.26","Sparidae","Chrysophrys","auratus",396.97838,1,1742.61625,1.30428283509804,"37353001"
"2021-05_Abrolhos_stereo-BRUVs","npz9.27","Lethrinidae","Lethrinus","miniatus",621.06527,1,1618.47542,4.93351109081712,"37351009"
"2021-05_Abrolhos_stereo-BRUVs","npz9.27","Lethrinidae","Lethrinus","miniatus",477.2997,1,1685.72727,2.0819828896063,"37351009"
"2021-05_Abrolhos_stereo-BRUVs","npz9.27","Lutjanidae","Pristipomoides","multidens",621.73515,1,2712.28021,4.85562989767471,"37346002"
"2021-05_Abrolhos_stereo-BRUVs","npz9.27","Lutjanidae","Pristipomoides","multidens",582.74396,1,2633.74119,4.01687064487361,"37346002"
"2021-05_Abrolhos_stereo-BRUVs","npz9.27","Lutjanidae","Pristipomoides","multidens",599.21395,1,2697.25758,4.35841672366713,"37346002"
"2021-05_Abrolhos_stereo-BRUVs","npz9.27","Lutjanidae","Pristipomoides","multidens",570.37391,1,981.65236,3.77228385260389,"37346002"
"2021-05_Abrolhos_stereo-BRUVs","npz9.27","Lutjanidae","Pristipomoides","multidens",650.11144,1,3028.50953,5.5334655052661,"37346002"
"2021-05_Abrolhos_stereo-BRUVs","npz9.27","Lutjanidae","Pristipomoides","typus",512.22271,1,1934.93942,1.8370786014329,"37346019"
"2021-05_Abrolhos_stereo-BRUVs","npz9.27","Lutjanidae","Pristipomoides","typus",620.45063,1,2252.99623,3.10202730758774,"37346019"
"2021-05_Abrolhos_stereo-BRUVs","npz9.27","Lutjanidae","Pristipomoides","typus",469.23189,1,1166.59683,1.44570222568679,"37346019"
"2021-05_Abrolhos_stereo-BRUVs","npz9.27","Serranidae","Epinephelus","areolatus",461.27435,1,1493.61585,1.00751214963349,"37311009"
"2021-05_Abrolhos_stereo-BRUVs","npz9.27","Serranidae","Epinephelus","areolatus",370.13495,1,1670.67139,0.526646763307776,"37311009"
"2021-05_Abrolhos_stereo-BRUVs","npz9.27","Sparidae","Chrysophrys","auratus",354.46682,1,2247.40125,0.950562271615145,"37353001"
"2021-05_Abrolhos_stereo-BRUVs","npz9.27","Sparidae","Chrysophrys","auratus",306.74678,1,2244.24845,0.634735118363944,"37353001"
"2021-05_Abrolhos_stereo-BRUVs","npz9.27","Sparidae","Chrysophrys","auratus",335.16526,1,2629.63136,0.812950930564365,"37353001"
"2021-05_Abrolhos_stereo-BRUVs","npz9.27","Sparidae","Chrysophrys","auratus",324.00393,1,1730.97575,0.739576118401757,"37353001"
"2021-05_Abrolhos_stereo-BRUVs","npz9.27","Sparidae","Chrysophrys","auratus",298.69406,1,1024.95576,0.589282857345132,"37353001"
"2021-05_Abrolhos_stereo-BRUVs","npz9.27","Sparidae","Chrysophrys","auratus",311.35782,1,1980.87291,0.661744761454543,"37353001"
"2021-05_Abrolhos_stereo-BRUVs","npz9.27","Sparidae","Chrysophrys","auratus",299.85444,1,1876.04143,0.595699086352127,"37353001"
"2021-05_Abrolhos_stereo-BRUVs","npz9.27","Sparidae","Chrysophrys","auratus",349.93089,1,1709.49165,0.916977045585306,"37353001"
"2021-05_Abrolhos_stereo-BRUVs","npz9.27","Sparidae","Chrysophrys","auratus",323.15263,1,1782.96115,0.734161564318703,"37353001"
"2021-05_Abrolhos_stereo-BRUVs","npz9.28","Lutjanidae","Pristipomoides","multidens",491.81277,1,1236.72091,2.44432371637044,"37346002"
"2021-05_Abrolhos_stereo-BRUVs","npz9.28","Sparidae","Chrysophrys","auratus",347.86375,1,1671.90948,0.901927806596699,"37353001"
"2021-05_Abrolhos_stereo-BRUVs","npz9.28","Sparidae","Chrysophrys","auratus",385.68664,1,1345.66427,1.2032868687541,"37353001"
"2021-05_Abrolhos_stereo-BRUVs","npz9.29","Carangidae","Decapterus","spp",324.50194,1,2312.73468,0.570454396412561,NA
"2021-05_Abrolhos_stereo-BRUVs","npz9.29","Carangidae","Pseudocaranx","spp",372.50788,1,2626.85969,0.856861551699797,NA
"2021-05_Abrolhos_stereo-BRUVs","npz9.29","Lethrinidae","Lethrinus","nebulosus",503.57019,1,1604.72394,2.35352012568573,"37351008"
"2021-05_Abrolhos_stereo-BRUVs","npz9.29","Sparidae","Chrysophrys","auratus",339.88819,1,1124.1684,0.845352047043351,"37353001"
"2021-05_Abrolhos_stereo-BRUVs","npz9.29","Sparidae","Chrysophrys","auratus",406.16092,1,1268.33247,1.39030422030974,"37353001"
"2021-05_Abrolhos_stereo-BRUVs","npz9.29","Sparidae","Chrysophrys","auratus",418.73131,1,1276.57399,1.51384574574406,"37353001"
"2021-05_Abrolhos_stereo-BRUVs","npz9.29","Sparidae","Chrysophrys","auratus",365.24274,1,1149.42977,1.03349014406864,"37353001"
"2021-05_Abrolhos_stereo-BRUVs","npz9.29","Sparidae","Chrysophrys","auratus",374.55346,1,1183.07974,1.10876633967263,"37353001"
"2021-05_Abrolhos_stereo-BRUVs","npz9.29","Sparidae","Chrysophrys","auratus",383.8436,1,1361.25123,1.18729577678957,"37353001"
"2021-05_Abrolhos_stereo-BRUVs","npz9.29","Sparidae","Chrysophrys","auratus",363.52244,1,1010.29093,1.0199518338653,"37353001"
"2021-05_Abrolhos_stereo-BRUVs","npz9.29","Sparidae","Chrysophrys","auratus",385.48791,1,1686.8161,1.20155598334806,"37353001"
"2021-05_Abrolhos_stereo-BRUVs","npz9.29","Sparidae","Chrysophrys","auratus",435.0544,1,1478.66233,1.68448881042971,"37353001"
"2021-05_Abrolhos_stereo-BRUVs","npz9.29","Sparidae","Chrysophrys","auratus",355.42248,1,1026.49508,0.957737380582427,"37353001"
"2021-05_Abrolhos_stereo-BRUVs","npz9.29","Sparidae","Chrysophrys","auratus",437.74786,1,1058.49127,1.71377843177406,"37353001"
"2021-05_Abrolhos_stereo-BRUVs","npz9.29","Sparidae","Chrysophrys","auratus",413.45342,1,1040.77487,1.46115205981981,"37353001"
"2021-05_Abrolhos_stereo-BRUVs","npz9.29","Sparidae","Chrysophrys","auratus",328.73837,1,1383.86628,0.770156725877915,"37353001"
"2021-05_Abrolhos_stereo-BRUVs","npz9.29","Sparidae","Chrysophrys","auratus",386.794,1,1557.76088,1.21296099216096,"37353001"
"2021-05_Abrolhos_stereo-BRUVs","npz9.3","Lethrinidae","Gymnocranius","grandoculis",546.60912,1,1175.42898,3.29625556206883,"37351005"
"2021-05_Abrolhos_stereo-BRUVs","npz9.3","Lethrinidae","Lethrinus","miniatus",483.4045,1,1242.92286,2.1705162772567,"37351009"
"2021-05_Abrolhos_stereo-BRUVs","npz9.30","Carangidae","Seriola","dumerili",616.97095,1,2767.41562,4.7338497830284,"37337025"
"2021-05_Abrolhos_stereo-BRUVs","npz9.30","Glaucosomatidae","Glaucosoma","buergeri",542.29161,1,2613.28855,2.53250093880966,"37320001"
"2021-05_Abrolhos_stereo-BRUVs","npz9.30","Glaucosomatidae","Glaucosoma","buergeri",390.84733,1,2178.80174,1.04096113056886,"37320001"
"2021-05_Abrolhos_stereo-BRUVs","npz9.30","Lethrinidae","Lethrinus","miniatus",414.75516,1,1192.5414,1.31401381546616,"37351009"
"2021-05_Abrolhos_stereo-BRUVs","npz9.30","Lethrinidae","Lethrinus","miniatus",466.12347,1,1283.83685,1.92645640592175,"37351009"
"2021-05_Abrolhos_stereo-BRUVs","npz9.30","Lethrinidae","Lethrinus","miniatus",511.62503,1,1148.84533,2.61399508600046,"37351009"
"2021-05_Abrolhos_stereo-BRUVs","npz9.30","Lethrinidae","Lethrinus","nebulosus",489.60811,1,1424.39731,2.1633688783254,"37351008"
"2021-05_Abrolhos_stereo-BRUVs","npz9.5","Lethrinidae","Lethrinus","miniatus",532.87791,1,1318.87555,2.98692059337032,"37351009"
"2021-05_Abrolhos_stereo-BRUVs","npz9.5","Lethrinidae","Lethrinus","miniatus",437.44635,1,729.33297,1.56458824042871,"37351009"
"2021-05_Abrolhos_stereo-BRUVs","npz9.5","Lethrinidae","Lethrinus","nebulosus",508.67056,1,906.53626,2.42566532434373,"37351008"
"2021-05_Abrolhos_stereo-BRUVs","npz9.5","Scaridae","Scarus","sp3",378.60908,1,2048.95444,1.30889380195406,NA
"2021-05_Abrolhos_stereo-BRUVs","npz9.5","Sparidae","Chrysophrys","auratus",357.48491,1,790.35139,0.973340396900787,"37353001"
"2021-05_Abrolhos_stereo-BRUVs","npz9.7","Carcharhinidae","Carcharhinus","albimarginatus",471.76399,1,936.90086,1.20250841676131,"37018027"
"2021-05_Abrolhos_stereo-BRUVs","npz9.7","Sparidae","Chrysophrys","auratus",366.03562,1,1311.10836,1.01348578826273,NA
"2021-05_Abrolhos_stereo-BRUVs","npz9.7","Sparidae","Chrysophrys","auratus",360.45343,1,1234.27426,0.969808765195898,NA
"2021-05_Abrolhos_stereo-BRUVs","npz9.7","Sparidae","Chrysophrys","auratus",366.71968,1,996.88945,1.01892452017932,NA
"2021-05_Abrolhos_stereo-BRUVs","npz9.7","Sparidae","Chrysophrys","auratus",348.54319,1,2440.05739,0.880757863633365,NA
"2021-05_Abrolhos_stereo-BRUVs","npz9.7","Sparidae","Chrysophrys","auratus",376.72939,1,910.22398,1.10069387341683,NA
"2021-05_Abrolhos_stereo-BRUVs","npz9.7","Sparidae","Chrysophrys","auratus",375.82891,1,1711.76332,1.09316909234932,NA
"2021-05_Abrolhos_stereo-BRUVs","npz9.7","Sparidae","Chrysophrys","auratus",414.20413,1,1368.6221,1.44451857085552,NA
"2021-05_Abrolhos_stereo-BRUVs","npz9.7","Sparidae","Chrysophrys","auratus",400.84141,1,1220.06564,1.31491864762476,NA
"2021-05_Abrolhos_stereo-BRUVs","npz9.7","Sparidae","Chrysophrys","auratus",404.91857,1,1626.94927,1.35362222586533,NA
"2021-05_Abrolhos_stereo-BRUVs","npz9.7","Tetraodontidae","Lagocephalus","sceleratus",631.9461,1,3633.40584,3.35704445936114,"37467007"
"2021-05_Abrolhos_stereo-BRUVs","npz9.7","Tetraodontidae","Unknown","sp1",219.52253,1,3058.17297,0.228135680737919,NA
"2021-05_Abrolhos_stereo-BRUVs","npz9.7","Tetraodontidae","Unknown","sp1",234.81827,1,3378.73118,0.277437223523507,NA
"2021-05_Abrolhos_stereo-BRUVs","npz9.8","Carangidae","Pseudocaranx","spp",315.774,1,3619.81735,0.526385357856794,NA
"2021-05_Abrolhos_stereo-BRUVs","npz9.8","Carangidae","Pseudocaranx","spp",409.87061,1,2044.02249,1.13585088505691,NA
"2021-05_Abrolhos_stereo-BRUVs","npz9.8","Carangidae","Pseudocaranx","spp",368.04779,1,2753.006,0.826959958167878,NA
"2021-05_Abrolhos_stereo-BRUVs","npz9.8","Carangidae","Pseudocaranx","spp",340.26176,1,1430.07665,0.656077292823515,NA
"2021-05_Abrolhos_stereo-BRUVs","npz9.8","Carangidae","Pseudocaranx","spp",298.05426,1,2761.75437,0.443959725234196,NA
"2021-05_Abrolhos_stereo-BRUVs","npz9.8","Carangidae","Pseudocaranx","spp",356.62543,1,2705.96982,0.753544831745712,NA
"2021-05_Abrolhos_stereo-BRUVs","npz9.8","Carangidae","Pseudocaranx","spp",363.13548,1,2798.94385,0.794833883587795,NA
"2021-05_Abrolhos_stereo-BRUVs","npz9.8","Carangidae","Pseudocaranx","spp",447.7102,1,4482.68096,1.47370434667743,NA
"2021-05_Abrolhos_stereo-BRUVs","npz9.8","Carangidae","Pseudocaranx","spp",309.30874,1,2931.08305,0.495234401309372,NA
"2021-05_Abrolhos_stereo-BRUVs","npz9.8","Carangidae","Seriola","dumerili",702.08414,1,4292.37355,6.80918488275771,"37337025"
"2021-05_Abrolhos_stereo-BRUVs","npz9.8","Carangidae","Seriola","dumerili",666.0459,1,4003.44775,5.87054309895067,"37337025"
"2021-05_Abrolhos_stereo-BRUVs","npz9.8","Carangidae","Seriola","dumerili",644.73526,1,4443.54456,5.3573842106159,"37337025"
"2021-05_Abrolhos_stereo-BRUVs","npz9.8","Carangidae","Seriola","dumerili",838.52536,1,5032.04393,11.2347384524016,"37337025"
"2021-05_Abrolhos_stereo-BRUVs","npz9.8","Carcharhinidae","Carcharhinus","plumbeus",1278.84131,1,6349.11882,24.1634125005467,"37018007"
"2021-05_Abrolhos_stereo-BRUVs","npz9.8","Labridae","Bodianus","solatus",329.27494,1,3303.17027,0.511044171508538,"37384201"
"2021-05_Abrolhos_stereo-BRUVs","npz9.8","Lethrinidae","Gymnocranius","grandoculis",557.94387,1,4449.71272,3.49732294977649,"37351005"
"2021-05_Abrolhos_stereo-BRUVs","npz9.8","Lethrinidae","Lethrinus","miniatus",478.61005,1,2135.06502,2.10077034764699,"37351009"
"2021-05_Abrolhos_stereo-BRUVs","npz9.8","Lethrinidae","Lethrinus","miniatus",576.20708,1,1461.79853,3.85896502156087,"37351009"
"2021-05_Abrolhos_stereo-BRUVs","npz9.8","Sparidae","Chrysophrys","auratus",305.20173,1,2213.69573,0.625845910061287,"37353001"
"2021-05_Abrolhos_stereo-BRUVs","npz9.8","Sparidae","Chrysophrys","auratus",303.94282,1,1382.48732,0.618662364681864,"37353001"
"2021-05_Abrolhos_stereo-BRUVs","npz9.8","Sparidae","Chrysophrys","auratus",295.52339,1,1544.97523,0.571977595134604,"37353001"
"2021-05_Abrolhos_stereo-BRUVs","npz9.8","Sparidae","Chrysophrys","auratus",316.91063,1,895.04534,0.695236322770227,"37353001"
"2021-05_Abrolhos_stereo-BRUVs","npz9.8","Sparidae","Chrysophrys","auratus",575.63477,1,1434.01992,3.68219323428598,"37353001"
"2021-05_Abrolhos_stereo-BRUVs","npz9.9","Carangidae","Seriola","dumerili",1237.72368,1,2358.86718,33.8082405561191,"37337025"
"2021-05_Abrolhos_stereo-BRUVs","npz9.9","Carangidae","Seriola","hippos",565.73293,1,2974.73177,3.54853592861889,"37337007"
"2021-05_Abrolhos_stereo-BRUVs","npz9.9","Lethrinidae","Lethrinus","miniatus",479.61251,1,1413.45833,2.11522264889689,"37351009"
"2021-05_Abrolhos_stereo-BRUVs","npz9.9","Rachycentridae","Rachycentron","canadum",964.57127,1,6879.42058,13.3728437545587,"37335001"
