campaignid,sample,family,genus,species,length,number,range,rms,precision,caab
2021-05_Abrolhos_stereo-BRUVs,npz6.10,Carangidae,Seriola,dumerili,414.13365,1,1872.45618,1.17397,3.91798,37337025
2021-05_Abrolhos_stereo-BRUVs,npz6.10,Carangidae,Seriola,dumerili,446.80786,1,2511.48532,1.47428,6.74832,37337025
2021-05_Abrolhos_stereo-BRUVs,npz6.10,Carangidae,Seriola,dumerili,446.26441,1,2083.98847,1.79645,2.60532,37337025
2021-05_Abrolhos_stereo-BRUVs,npz6.10,Carangidae,Seriola,dumerili,452.64395,1,1327.79347,0.34627,2.41258,37337025
2021-05_Abrolhos_stereo-BRUVs,npz6.10,Carangidae,Seriola,dumerili,459.07871,1,2500.12803,3.85431,8.10476,37337025
2021-05_Abrolhos_stereo-BRUVs,npz6.10,Sparidae,Chrysophrys,auratus,367.40997,1,1530.25354,6.04092,2.43757,37353001
2021-05_Abrolhos_stereo-BRUVs,npz6.10,Sparidae,Chrysophrys,auratus,303.44706,1,1284.89741,1.15877,1.42709,37353001
2021-05_Abrolhos_stereo-BRUVs,npz6.10,Sparidae,Chrysophrys,auratus,327.17062,1,1277.9053,3.96519,1.65528,37353001
2021-05_Abrolhos_stereo-BRUVs,npz6.10,Sparidae,Chrysophrys,auratus,292.07022,1,1382.25058,1.65612,1.82864,37353001
2021-05_Abrolhos_stereo-BRUVs,npz6.10,Tetraodontidae,Lagocephalus,sceleratus,424.6619,1,2695.93282,15.06026,6.00635,37467007
2021-05_Abrolhos_stereo-BRUVs,npz6.10,Tetraodontidae,Lagocephalus,sceleratus,591.70621,1,3868.42491,17.60424,27.87015,37467007
2021-05_Abrolhos_stereo-BRUVs,npz6.13,Sparidae,Chrysophrys,auratus,544.82221,1,1240.31316,4.09571,2.46962,37353001
2021-05_Abrolhos_stereo-BRUVs,npz6.13,Sparidae,Chrysophrys,auratus,478.18797,1,1802.0467,5.10107,3.13445,37353001
2021-05_Abrolhos_stereo-BRUVs,npz6.13,Sparidae,Chrysophrys,auratus,426.01511,1,2235.21474,3.67404,6.82824,37353001
2021-05_Abrolhos_stereo-BRUVs,npz6.13,Sparidae,Chrysophrys,auratus,441.41138,1,1830.18918,4.35553,2.39938,37353001
2021-05_Abrolhos_stereo-BRUVs,npz6.14,Carangidae,Seriola,hippos,542.53282,1,3130.68968,13.18675,4.33327,37337007
2021-05_Abrolhos_stereo-BRUVs,npz6.14,Labridae,Choerodon,rubescens,425.19382,1,1719.36352,9.38287,3.54244,37384039
2021-05_Abrolhos_stereo-BRUVs,npz6.14,Labridae,Choerodon,rubescens,270.85874,1,2035.52127,8.39504,2.85763,37384039
2021-05_Abrolhos_stereo-BRUVs,npz6.14,Lethrinidae,Lethrinus,miniatus,481.74457,1,2221.94949,7.18869,4.89071,37351009
2021-05_Abrolhos_stereo-BRUVs,npz6.14,Lethrinidae,Lethrinus,miniatus,385.92729,1,2236.86838,8.3925,8.89946,37351009
2021-05_Abrolhos_stereo-BRUVs,npz6.14,Lethrinidae,Lethrinus,miniatus,322.35062,1,1595.86071,2.40542,4.23105,37351009
2021-05_Abrolhos_stereo-BRUVs,npz6.14,Lethrinidae,Lethrinus,miniatus,395.60811,1,1243.95501,5.9274,1.0871,37351009
2021-05_Abrolhos_stereo-BRUVs,npz6.14,Lethrinidae,Lethrinus,miniatus,523.25876,1,1279.71016,5.35473,3.50314,37351009
2021-05_Abrolhos_stereo-BRUVs,npz6.14,Lethrinidae,Lethrinus,nebulosus,602.06538,1,4991.72879,18.06522,29.7925,37351008
2021-05_Abrolhos_stereo-BRUVs,npz6.15,Triakidae,Mustelus,spp,728.54002,1,1663.20264,4.5586,4.86512,
2021-05_Abrolhos_stereo-BRUVs,npz6.17,Carangidae,Seriola,hippos,648.13341,1,1605.17073,8.3573,2.40449,37337007
2021-05_Abrolhos_stereo-BRUVs,npz6.17,Sparidae,Chrysophrys,auratus,510.44865,1,1166.98323,5.04323,1.28375,37353001
2021-05_Abrolhos_stereo-BRUVs,npz6.17,Sparidae,Chrysophrys,auratus,436.31224,1,1714.3946,7.28392,1.99915,37353001
2021-05_Abrolhos_stereo-BRUVs,npz6.17,Sparidae,Chrysophrys,auratus,366.13704,1,1516.51434,9.8099,2.52977,37353001
2021-05_Abrolhos_stereo-BRUVs,npz6.18,Haemulidae,Diagramma,pictum labiosum,666.26856,1,1968.37392,5.74357,3.80454,37350003
2021-05_Abrolhos_stereo-BRUVs,npz6.18,Haemulidae,Diagramma,pictum labiosum,629.01199,1,2239.08921,5.96381,4.96338,37350003
2021-05_Abrolhos_stereo-BRUVs,npz6.18,Haemulidae,Diagramma,pictum labiosum,551.74505,1,1827.17865,5.34873,2.81587,37350003
2021-05_Abrolhos_stereo-BRUVs,npz6.18,Haemulidae,Diagramma,pictum labiosum,632.83368,1,2004.40577,14.10258,4.68813,37350003
2021-05_Abrolhos_stereo-BRUVs,npz6.18,Haemulidae,Diagramma,pictum labiosum,676.62326,1,2390.70945,7.24814,5.09092,37350003
2021-05_Abrolhos_stereo-BRUVs,npz6.18,Haemulidae,Diagramma,pictum labiosum,689.92638,1,2311.57097,8.30338,4.90462,37350003
2021-05_Abrolhos_stereo-BRUVs,npz6.18,Haemulidae,Diagramma,pictum labiosum,609.31968,1,1774.07899,8.10058,5.4962,37350003
2021-05_Abrolhos_stereo-BRUVs,npz6.18,Haemulidae,Diagramma,pictum labiosum,639.36275,1,2916.51496,6.11598,8.70975,37350003
2021-05_Abrolhos_stereo-BRUVs,npz6.18,Haemulidae,Diagramma,pictum labiosum,666.49832,1,2181.61159,9.64385,6.80525,37350003
2021-05_Abrolhos_stereo-BRUVs,npz6.2,Labridae,Choerodon,rubescens,358.3793,1,2027.70873,1.29293,7.87292,37384039
2021-05_Abrolhos_stereo-BRUVs,npz6.2,Lethrinidae,Lethrinus,miniatus,292.49548,1,1899.1113,1.22043,5.05237,37351009
2021-05_Abrolhos_stereo-BRUVs,npz6.2,Lethrinidae,Lethrinus,miniatus,327.38365,1,1946.83829,3.58722,4.4798,37351009
2021-05_Abrolhos_stereo-BRUVs,npz6.2,Scombridae,Scomberomorus,spp,691.3613,1,3092.39736,0.54158,13.2766,
2021-05_Abrolhos_stereo-BRUVs,npz6.20,Haemulidae,Diagramma,pictum labiosum,650.97792,1,1280.79796,9.71957,1.54696,37350003
2021-05_Abrolhos_stereo-BRUVs,npz6.20,Haemulidae,Diagramma,pictum labiosum,557.49136,1,1397.60402,2.98611,1.90112,37350003
2021-05_Abrolhos_stereo-BRUVs,npz6.20,Haemulidae,Diagramma,pictum labiosum,535.18968,1,1492.43634,5.55782,1.55263,37350003
2021-05_Abrolhos_stereo-BRUVs,npz6.20,Labridae,Choerodon,rubescens,336.91902,1,2062.25401,5.57065,4.60405,37384039
2021-05_Abrolhos_stereo-BRUVs,npz6.20,Labridae,Choerodon,rubescens,251.13499,1,1284.79624,2.88932,2.99941,37384039
2021-05_Abrolhos_stereo-BRUVs,npz6.20,Lethrinidae,Lethrinus,miniatus,422.51928,1,1397.27988,2.36561,2.3291,37351009
2021-05_Abrolhos_stereo-BRUVs,npz6.20,Lethrinidae,Lethrinus,miniatus,325.33232,1,1398.05301,4.44677,3.34871,37351009
2021-05_Abrolhos_stereo-BRUVs,npz6.20,Lethrinidae,Lethrinus,miniatus,373.96972,1,1245.72397,3.18474,1.89072,37351009
2021-05_Abrolhos_stereo-BRUVs,npz6.20,Lethrinidae,Lethrinus,miniatus,419.0732,1,2174.64558,4.67562,3.97995,37351009
2021-05_Abrolhos_stereo-BRUVs,npz6.20,Lethrinidae,Lethrinus,nebulosus,686.08892,1,4562.17345,15.60951,21.35982,37351008
2021-05_Abrolhos_stereo-BRUVs,npz6.20,Lethrinidae,Lethrinus,nebulosus,528.89089,1,1316.18143,4.02675,1.44382,37351008
2021-05_Abrolhos_stereo-BRUVs,npz6.20,Lethrinidae,Lethrinus,nebulosus,626.32466,1,1542.32903,5.9168,2.52636,37351008
2021-05_Abrolhos_stereo-BRUVs,npz6.21,Carcharhinidae,Carcharhinus,plumbeus,1185.30176,1,1290.1122,5.26266,2.18519,37018007
2021-05_Abrolhos_stereo-BRUVs,npz6.21,Labridae,Choerodon,rubescens,393.73422,1,3424.43424,19.29084,20.08731,37384039
2021-05_Abrolhos_stereo-BRUVs,npz6.21,Labridae,Choerodon,rubescens,473.84596,1,1419.59079,5.17326,2.01148,37384039
2021-05_Abrolhos_stereo-BRUVs,npz6.21,Labridae,Choerodon,rubescens,387.79128,1,2533.58083,5.58934,6.2761,37384039
2021-05_Abrolhos_stereo-BRUVs,npz6.21,Lethrinidae,Lethrinus,nebulosus,520.31555,1,1351.24743,11.03981,1.41526,37351008
2021-05_Abrolhos_stereo-BRUVs,npz6.21,Lethrinidae,Lethrinus,nebulosus,613.54899,1,1305.19877,5.88791,2.00328,37351008
2021-05_Abrolhos_stereo-BRUVs,npz6.21,Lethrinidae,Lethrinus,nebulosus,503.39618,1,1392.9713,6.83957,1.82443,37351008
2021-05_Abrolhos_stereo-BRUVs,npz6.21,Lethrinidae,Lethrinus,nebulosus,546.12797,1,1482.27959,7.2053,2.12233,37351008
2021-05_Abrolhos_stereo-BRUVs,npz6.21,Lethrinidae,Lethrinus,nebulosus,585.99331,1,1368.12918,5.59055,1.39063,37351008
2021-05_Abrolhos_stereo-BRUVs,npz6.21,Sparidae,Chrysophrys,auratus,447.70679,1,1312.4569,7.88275,2.88108,37353001
2021-05_Abrolhos_stereo-BRUVs,npz6.21,Sparidae,Chrysophrys,auratus,429.48654,1,1176.85023,6.64587,2.54459,37353001
2021-05_Abrolhos_stereo-BRUVs,npz6.21,Sparidae,Chrysophrys,auratus,411.48109,1,1377.6808,8.73335,1.23566,37353001
2021-05_Abrolhos_stereo-BRUVs,npz6.21,Sparidae,Chrysophrys,auratus,637.65007,1,2321.35858,12.63844,4.78147,37353001
2021-05_Abrolhos_stereo-BRUVs,npz6.21,Sparidae,Chrysophrys,auratus,451.11874,1,992.8618,6.61283,0.98551,37353001
2021-05_Abrolhos_stereo-BRUVs,npz6.24,Carangidae,Seriola,hippos,865.20955,1,1967.36931,7.61322,3.40844,37337007
2021-05_Abrolhos_stereo-BRUVs,npz6.24,Carangidae,Seriola,hippos,907.23737,1,1850.48418,6.9974,3.38695,37337007
2021-05_Abrolhos_stereo-BRUVs,npz6.24,Haemulidae,Diagramma,pictum labiosum,727.99501,1,4278.97071,14.43499,31.84813,37350003
2021-05_Abrolhos_stereo-BRUVs,npz6.24,Labridae,Choerodon,rubescens,524.64544,1,3609.79469,7.26598,11.22675,37384039
2021-05_Abrolhos_stereo-BRUVs,npz6.24,Labridae,Suezichthys,cyanolaemus,56.65307,1,1159.49761,3.83584,1.64331,37384161
2021-05_Abrolhos_stereo-BRUVs,npz6.24,Lethrinidae,Lethrinus,miniatus,666.33792,1,5872.36234,2.4513,34.2086,37351009
2021-05_Abrolhos_stereo-BRUVs,npz6.24,Lethrinidae,Lethrinus,miniatus,497.94464,1,1405.99177,9.94109,1.7228,37351009
2021-05_Abrolhos_stereo-BRUVs,npz6.24,Lethrinidae,Lethrinus,miniatus,509.36811,1,1326.03032,4.0472,2.41104,37351009
2021-05_Abrolhos_stereo-BRUVs,npz6.24,Lethrinidae,Lethrinus,miniatus,739.52625,1,7323.22765,8.2056,65.75844,37351009
2021-05_Abrolhos_stereo-BRUVs,npz6.24,Lethrinidae,Lethrinus,miniatus,511.20783,1,1536.83765,6.33553,1.71685,37351009
2021-05_Abrolhos_stereo-BRUVs,npz6.24,Lethrinidae,Lethrinus,miniatus,428.90428,1,2198.76608,9.74964,3.58639,37351009
2021-05_Abrolhos_stereo-BRUVs,npz6.24,Mullidae,Parupeneus,spilurus,85.71134,1,1915.98746,9.09077,2.59241,37355015
2021-05_Abrolhos_stereo-BRUVs,npz6.26,Carangidae,Carangoides,fulvoguttatus,671.26179,1,1416.762,15.43706,1.93027,37337037
2021-05_Abrolhos_stereo-BRUVs,npz6.26,Labridae,Choerodon,rubescens,453.18111,1,2398.85343,15.96777,11.73561,37384039
2021-05_Abrolhos_stereo-BRUVs,npz6.26,Labridae,Choerodon,rubescens,549.72377,1,4343.10518,11.83563,16.67774,37384039
2021-05_Abrolhos_stereo-BRUVs,npz6.26,Labridae,Choerodon,rubescens,327.29853,1,2709.08874,6.62039,7.4061,37384039
2021-05_Abrolhos_stereo-BRUVs,npz6.26,Labridae,Choerodon,rubescens,496.62623,1,3559.73136,19.98805,23.17298,37384039
2021-05_Abrolhos_stereo-BRUVs,npz6.26,Labridae,Choerodon,rubescens,512.45867,1,4819.84516,13.70028,22.89662,37384039
2021-05_Abrolhos_stereo-BRUVs,npz6.26,Lethrinidae,Lethrinus,miniatus,499.6861,1,5038.64278,11.80528,19.9449,37351009
2021-05_Abrolhos_stereo-BRUVs,npz6.26,Lethrinidae,Lethrinus,miniatus,529.21933,1,2527.36855,14.91703,3.59547,37351009
2021-05_Abrolhos_stereo-BRUVs,npz6.26,Lethrinidae,Lethrinus,miniatus,373.84421,1,1368.27609,5.01758,1.8143,37351009
2021-05_Abrolhos_stereo-BRUVs,npz6.26,Lethrinidae,Lethrinus,miniatus,526.34461,1,875.47205,8.40768,0.97239,37351009
2021-05_Abrolhos_stereo-BRUVs,npz6.26,Lethrinidae,Lethrinus,nebulosus,529.88138,1,4533.99517,13.98193,25.94515,37351008
2021-05_Abrolhos_stereo-BRUVs,npz6.26,Lethrinidae,Lethrinus,nebulosus,607.13248,1,6799.00834,18.62919,49.01927,37351008
2021-05_Abrolhos_stereo-BRUVs,npz6.26,Sparidae,Chrysophrys,auratus,411.14198,1,1697.59707,7.07409,1.93338,37353001
2021-05_Abrolhos_stereo-BRUVs,npz6.26,Sparidae,Chrysophrys,auratus,392.79292,1,1064.10597,10.41551,1.53277,37353001
2021-05_Abrolhos_stereo-BRUVs,npz6.27,Carangidae,Seriola,hippos,937.32267,1,2216.02144,8.07302,7.85251,37337007
2021-05_Abrolhos_stereo-BRUVs,npz6.27,Labridae,Choerodon,rubescens,384.58469,1,2081.1137,7.92244,7.44092,37384039
2021-05_Abrolhos_stereo-BRUVs,npz6.27,Lethrinidae,Lethrinus,miniatus,501.68234,1,1467.64476,8.34253,2.11749,37351009
2021-05_Abrolhos_stereo-BRUVs,npz6.27,Lethrinidae,Lethrinus,miniatus,303.77395,1,1197.58515,5.81061,2.06726,37351009
2021-05_Abrolhos_stereo-BRUVs,npz6.27,Lethrinidae,Lethrinus,miniatus,405.6315,1,1272.11308,7.11453,1.59822,37351009
2021-05_Abrolhos_stereo-BRUVs,npz6.27,Lethrinidae,Lethrinus,miniatus,378.49834,1,1340.76949,8.2093,2.29215,37351009
2021-05_Abrolhos_stereo-BRUVs,npz6.27,Lethrinidae,Lethrinus,miniatus,284.14,1,1174.88553,6.76098,2.58367,37351009
2021-05_Abrolhos_stereo-BRUVs,npz6.27,Lethrinidae,Lethrinus,miniatus,380.47538,1,1436.4294,6.22913,1.50479,37351009
2021-05_Abrolhos_stereo-BRUVs,npz6.27,Lethrinidae,Lethrinus,nebulosus,725.27485,1,1097.08807,4.46963,2.01456,37351008
2021-05_Abrolhos_stereo-BRUVs,npz6.27,Lethrinidae,Lethrinus,nebulosus,656.57803,1,1803.38229,9.15056,3.05206,37351008
2021-05_Abrolhos_stereo-BRUVs,npz6.27,Lethrinidae,Lethrinus,nebulosus,663.63219,1,1419.62709,5.3921,2.80254,37351008
2021-05_Abrolhos_stereo-BRUVs,npz6.28,Triakidae,Mustelus,spp,707.39895,1,1350.8778,13.44446,1.73375,
2021-05_Abrolhos_stereo-BRUVs,npz6.36,Carangidae,Seriola,hippos,639.00148,1,2201.62386,6.04102,4.07447,37337007
2021-05_Abrolhos_stereo-BRUVs,npz6.36,Labridae,Choerodon,rubescens,418.81086,1,2404.82983,3.68564,5.47029,37384039
2021-05_Abrolhos_stereo-BRUVs,npz6.36,Lethrinidae,Lethrinus,miniatus,413.27859,1,1240.99286,8.10121,1.21068,37351009
2021-05_Abrolhos_stereo-BRUVs,npz6.36,Lethrinidae,Lethrinus,nebulosus,631.18795,1,999.89609,2.72976,1.7462,37351008
2021-05_Abrolhos_stereo-BRUVs,npz6.36,Lethrinidae,Lethrinus,nebulosus,571.17483,1,1196.93882,1.46468,2.11664,37351008
2021-05_Abrolhos_stereo-BRUVs,npz6.36,Serranidae,Epinephelus,rivulatus,265.70951,1,1664.5147,5.42578,4.42326,37311022
2021-05_Abrolhos_stereo-BRUVs,npz6.36,Sparidae,Chrysophrys,auratus,439.53165,1,816.18901,1.1257,1.05215,37353001
2021-05_Abrolhos_stereo-BRUVs,npz6.36,Sparidae,Chrysophrys,auratus,348.41815,1,1792.18263,4.73911,1.67383,37353001
2021-05_Abrolhos_stereo-BRUVs,npz6.36,Sparidae,Chrysophrys,auratus,472.38178,1,1496.64554,12.00728,2.05877,37353001
2021-05_Abrolhos_stereo-BRUVs,npz6.36,Sparidae,Chrysophrys,auratus,488.43062,1,1013.68096,1.72144,1.0268,37353001
2021-05_Abrolhos_stereo-BRUVs,npz6.36,Sparidae,Chrysophrys,auratus,357.45173,1,1557.2011,2.8526,1.70149,37353001
2021-05_Abrolhos_stereo-BRUVs,npz6.36,Sparidae,Chrysophrys,auratus,327.8511,1,1305.94022,4.61754,1.95487,37353001
2021-05_Abrolhos_stereo-BRUVs,npz6.36,Sparidae,Chrysophrys,auratus,320.68717,1,1626.48087,6.40345,3.72082,37353001
2021-05_Abrolhos_stereo-BRUVs,npz6.36,Sparidae,Chrysophrys,auratus,394.84071,1,1458.59866,2.65501,1.40537,37353001
2021-05_Abrolhos_stereo-BRUVs,npz6.4,Carangidae,Seriola,hippos,561.44626,1,1640.7943,15.23464,2.17645,37337007
2021-05_Abrolhos_stereo-BRUVs,npz6.4,Carcharhinidae,Carcharhinus,plumbeus,909.80678,1,1618.43232,17.27428,3.18024,37018007
2021-05_Abrolhos_stereo-BRUVs,npz6.4,Labridae,Coris,auricularis,182.06122,1,1681.12519,7.35908,3.32883,37384088
2021-05_Abrolhos_stereo-BRUVs,npz6.4,Labridae,Coris,auricularis,134.61961,1,1813.82164,12.79263,6.44337,37384088
2021-05_Abrolhos_stereo-BRUVs,npz6.4,Labridae,Coris,auricularis,187.70427,1,1790.11598,10.19203,4.65751,37384088
2021-05_Abrolhos_stereo-BRUVs,npz6.4,Labridae,Coris,auricularis,212.97957,1,1368.40375,12.66752,2.4019,37384088
2021-05_Abrolhos_stereo-BRUVs,npz6.4,Labridae,Coris,auricularis,137.25336,1,1881.40332,13.41746,7.66285,37384088
2021-05_Abrolhos_stereo-BRUVs,npz6.4,Labridae,Coris,auricularis,155.88169,1,1841.45998,14.11461,4.10822,37384088
2021-05_Abrolhos_stereo-BRUVs,npz6.4,Lethrinidae,Lethrinus,miniatus,526.22271,1,1560.95475,17.2163,4.62007,37351009
2021-05_Abrolhos_stereo-BRUVs,npz6.4,Lethrinidae,Lethrinus,miniatus,420.63666,1,1771.41759,10.83647,4.47167,37351009
2021-05_Abrolhos_stereo-BRUVs,npz6.4,Lethrinidae,Lethrinus,nebulosus,587.61143,1,1542.42887,14.06698,3.10433,37351008
2021-05_Abrolhos_stereo-BRUVs,npz6.4,Lethrinidae,Lethrinus,nebulosus,546.28104,1,1419.50563,11.68697,2.91961,37351008
2021-05_Abrolhos_stereo-BRUVs,npz6.4,Nemipteridae,Pentapodus,nagasakiensis,156.96267,1,1169.5637,11.53828,2.37119,37347012
2021-05_Abrolhos_stereo-BRUVs,npz6.4,Nemipteridae,Pentapodus,spp,68.48464,1,910.24489,6.7655,0.93137,
2021-05_Abrolhos_stereo-BRUVs,npz6.4,Pinguipedidae,Parapercis,nebulosa,90.07812,1,2018.68572,18.86533,4.52838,37390005
2021-05_Abrolhos_stereo-BRUVs,npz6.4,Serranidae,Epinephelus,rivulatus,267.81472,1,1746.64876,19.51473,3.54653,37311022
2021-05_Abrolhos_stereo-BRUVs,npz6.4,Sparidae,Chrysophrys,auratus,387.93766,1,1407.7827,16.30589,2.90664,37353001
2021-05_Abrolhos_stereo-BRUVs,npz6.4,Sparidae,Chrysophrys,auratus,289.02218,1,1244.45031,13.85582,1.41776,37353001
2021-05_Abrolhos_stereo-BRUVs,npz6.4,Sparidae,Chrysophrys,auratus,352.35497,1,1046.27834,15.26312,1.45223,37353001
2021-05_Abrolhos_stereo-BRUVs,npz6.4,Sparidae,Chrysophrys,auratus,347.60052,1,1722.2863,19.79956,3.76225,37353001
2021-05_Abrolhos_stereo-BRUVs,npz6.4,Sparidae,Chrysophrys,auratus,372.04727,1,1432.58152,14.4581,2.40798,37353001
2021-05_Abrolhos_stereo-BRUVs,npz6.4,Sparidae,Chrysophrys,auratus,338.54933,1,1660.8567,9.33217,2.92509,37353001
2021-05_Abrolhos_stereo-BRUVs,npz6.4,Sparidae,Chrysophrys,auratus,353.94789,1,1243.1108,12.40637,1.32701,37353001
2021-05_Abrolhos_stereo-BRUVs,npz6.4,Sparidae,Chrysophrys,auratus,520.51751,1,1113.3055,12.34792,1.57269,37353001
2021-05_Abrolhos_stereo-BRUVs,npz6.4,Sparidae,Chrysophrys,auratus,431.36359,1,1268.94942,16.04712,1.5532,37353001
2021-05_Abrolhos_stereo-BRUVs,npz6.4,Sparidae,Chrysophrys,auratus,317.65758,1,1263.47644,11.99751,1.59699,37353001
2021-05_Abrolhos_stereo-BRUVs,npz6.4,Sparidae,Chrysophrys,auratus,381.14257,1,1469.81013,10.95855,2.2299,37353001
2021-05_Abrolhos_stereo-BRUVs,npz6.4,Sparidae,Chrysophrys,auratus,354.6237,1,1385.65723,13.5553,2.06204,37353001
2021-05_Abrolhos_stereo-BRUVs,npz6.4,Sparidae,Chrysophrys,auratus,365.16709,1,1674.16033,18.22001,4.10407,37353001
2021-05_Abrolhos_stereo-BRUVs,npz6.4,Sparidae,Chrysophrys,auratus,441.12149,1,1177.34759,14.78324,1.24509,37353001
2021-05_Abrolhos_stereo-BRUVs,npz6.4,Sparidae,Chrysophrys,auratus,510.92299,1,1208.86742,12.99222,1.52168,37353001
2021-05_Abrolhos_stereo-BRUVs,npz6.5,Labridae,Choerodon,rubescens,416.00359,1,2323.23471,6.37042,9.40609,37384039
2021-05_Abrolhos_stereo-BRUVs,npz6.5,Labridae,Choerodon,rubescens,306.31041,1,2769.59791,8.89976,5.87219,37384039
2021-05_Abrolhos_stereo-BRUVs,npz6.5,Lethrinidae,Lethrinus,nebulosus,534.90751,1,1526.299,6.96736,2.87578,37351008
2021-05_Abrolhos_stereo-BRUVs,npz6.5,Lethrinidae,Lethrinus,nebulosus,589.76914,1,2876.30134,9.67192,6.63875,37351008
2021-05_Abrolhos_stereo-BRUVs,npz6.5,Sparidae,Chrysophrys,auratus,524.01706,1,1507.99549,8.79402,5.0484,37353001
2021-05_Abrolhos_stereo-BRUVs,npz6.5,Sparidae,Chrysophrys,auratus,451.67371,1,2485.28894,10.11026,7.00684,37353001
2021-05_Abrolhos_stereo-BRUVs,npz6.5,Sparidae,Chrysophrys,auratus,505.88124,1,1848.38833,11.94454,2.95955,37353001
2021-05_Abrolhos_stereo-BRUVs,npz6.6,Carangidae,Seriola,hippos,866.70427,1,1664.37116,12.54332,3.891,37337007
2021-05_Abrolhos_stereo-BRUVs,npz6.6,Haemulidae,Diagramma,pictum labiosum,507.025,1,2210.99943,7.97401,6.18289,37350003
2021-05_Abrolhos_stereo-BRUVs,npz6.6,Labridae,Choerodon,rubescens,398.09802,1,4071.59463,10.67511,22.05035,37384039
2021-05_Abrolhos_stereo-BRUVs,npz6.6,Lethrinidae,Lethrinus,miniatus,441.42577,1,3980.94655,6.14722,21.46712,37351009
2021-05_Abrolhos_stereo-BRUVs,npz6.6,Lethrinidae,Lethrinus,miniatus,429.51379,1,1406.35536,8.76061,3.12662,37351009
2021-05_Abrolhos_stereo-BRUVs,npz6.6,Lethrinidae,Lethrinus,miniatus,359.75067,1,2829.74094,9.75846,17.41171,37351009
2021-05_Abrolhos_stereo-BRUVs,npz6.6,Lethrinidae,Lethrinus,miniatus,332.40739,1,1392.26478,6.4158,3.3889,37351009
2021-05_Abrolhos_stereo-BRUVs,npz6.6,Lethrinidae,Lethrinus,miniatus,481.73013,1,1851.09401,10.44379,1.87163,37351009
2021-05_Abrolhos_stereo-BRUVs,npz6.6,Lethrinidae,Lethrinus,miniatus,376.10889,1,1366.36873,4.68301,1.49859,37351009
2021-05_Abrolhos_stereo-BRUVs,npz6.6,Lethrinidae,Lethrinus,miniatus,338.49525,1,1808.37861,10.04284,5.76743,37351009
2021-05_Abrolhos_stereo-BRUVs,npz6.6,Lethrinidae,Lethrinus,miniatus,443.71013,1,1451.72069,7.85016,3.45677,37351009
2021-05_Abrolhos_stereo-BRUVs,npz6.6,Lethrinidae,Lethrinus,miniatus,457.45759,1,1352.11543,8.12926,1.76939,37351009
2021-05_Abrolhos_stereo-BRUVs,npz6.6,Lethrinidae,Lethrinus,miniatus,479.76219,1,2302.06792,8.68706,5.81642,37351009
2021-05_Abrolhos_stereo-BRUVs,npz6.6,Lethrinidae,Lethrinus,nebulosus,581.84305,1,1639.39679,8.86086,3.45874,37351008
2021-05_Abrolhos_stereo-BRUVs,npz6.8,Sphyrnidae,Sphyrna,lewini,1415.52164,1,2816.51463,10.66348,12.61247,37019001
2021-05_Abrolhos_stereo-BRUVs,npz6.9,Lethrinidae,Lethrinus,miniatus,395.80715,1,1102.13758,18.07643,1.62948,37351009
2021-05_Abrolhos_stereo-BRUVs,npz6.9,Lethrinidae,Lethrinus,nebulosus,485.58074,1,1645.72328,17.46907,2.54994,37351008
2021-05_Abrolhos_stereo-BRUVs,npz6.9,Sparidae,Chrysophrys,auratus,335.465,1,909.44304,14.34831,0.77019,37353001
2021-05_Abrolhos_stereo-BRUVs,npz6.9,Sparidae,Chrysophrys,auratus,469.70334,1,984.06875,17.20649,0.90812,37353001
2021-05_Abrolhos_stereo-BRUVs,npz6.9,Sparidae,Chrysophrys,auratus,388.27761,1,1216.80332,16.08043,1.53763,37353001
2021-05_Abrolhos_stereo-BRUVs,npz6.9,Sparidae,Chrysophrys,auratus,382.6499,1,1287.42576,14.04745,2.03699,37353001
2021-05_Abrolhos_stereo-BRUVs,npz6.9,Sparidae,Chrysophrys,auratus,391.08249,1,1871.76217,19.68853,3.41008,37353001
2021-05_Abrolhos_stereo-BRUVs,npz6.9,Sparidae,Chrysophrys,auratus,405.80423,1,1275.49978,19.80504,1.68998,37353001
2021-05_Abrolhos_stereo-BRUVs,npz6.9,Sparidae,Chrysophrys,auratus,415.17258,1,1508.9369,19.93218,2.12452,37353001
2021-05_Abrolhos_stereo-BRUVs,npz6.9,Sparidae,Chrysophrys,auratus,415.44011,1,1384.43939,14.88716,1.91944,37353001
2021-05_Abrolhos_stereo-BRUVs,npz6.9,Sparidae,Chrysophrys,auratus,412.15771,1,1184.32845,19.59552,1.49889,37353001
2021-05_Abrolhos_stereo-BRUVs,npz6.9,Sparidae,Chrysophrys,auratus,353.66438,1,1236.30592,16.91468,1.44316,37353001
2021-05_Abrolhos_stereo-BRUVs,npz6.9,Sparidae,Chrysophrys,auratus,327.60168,1,1070.98569,13.79585,1.18413,37353001
2021-05_Abrolhos_stereo-BRUVs,npz6.BOSS41,Carangidae,Seriola,dumerili,650.77287,1,2245.57106,5.92829,9.47078,37337025
2021-05_Abrolhos_stereo-BRUVs,npz6.BOSS41,Carangidae,Seriola,hippos,868.26922,1,3767.1113,6.04887,25.932,37337007
2021-05_Abrolhos_stereo-BRUVs,npz6.BOSS41,Carangidae,Seriola,hippos,969.63202,1,4568.86684,17.0854,22.66281,37337007
2021-05_Abrolhos_stereo-BRUVs,npz6.BOSS41,Sparidae,Chrysophrys,auratus,430.05255,1,2106.97533,2.85533,5.48169,37353001
2021-05_Abrolhos_stereo-BRUVs,npz6.BOSS41,Sparidae,Chrysophrys,auratus,348.42562,1,1620.0899,2.21574,2.41895,37353001
2021-05_Abrolhos_stereo-BRUVs,npz6.BOSS41,Sparidae,Chrysophrys,auratus,490.83695,1,1350.08869,4.07156,1.54975,37353001
2021-05_Abrolhos_stereo-BRUVs,npz6.C01,Rhinidae,Rhynchobatus,australiae,995.8047,1,1855.42306,5.44317,3.6276,
2021-05_Abrolhos_stereo-BRUVs,npz6.C01,Sparidae,Chrysophrys,auratus,318.43498,1,1335.57502,4.68035,1.55724,37353001
2021-05_Abrolhos_stereo-BRUVs,npz6.C01,Tetraodontidae,Lagocephalus,sceleratus,383.44091,1,1917.00632,4.61931,3.23664,37467007
2021-05_Abrolhos_stereo-BRUVs,npz6.C01,Tetraodontidae,Lagocephalus,sceleratus,454.365,1,1884.32688,5.61213,2.91958,37467007
2021-05_Abrolhos_stereo-BRUVs,npz6.C01,Triakidae,Mustelus,spp,764.30915,1,1057.91797,5.21212,1.47734,
2021-05_Abrolhos_stereo-BRUVs,npz9.1,Labridae,Bodianus,solatus,296.2177,1,1616.66531,6.19725,2.55951,37384201
2021-05_Abrolhos_stereo-BRUVs,npz9.1,Lethrinidae,Lethrinus,miniatus,526.43035,1,1349.64995,4.1764,1.55393,37351009
2021-05_Abrolhos_stereo-BRUVs,npz9.1,Lethrinidae,Lethrinus,miniatus,457.2279,1,1915.7041,4.62778,4.17309,37351009
2021-05_Abrolhos_stereo-BRUVs,npz9.1,Lethrinidae,Lethrinus,miniatus,485.59175,1,1194.30321,0.88134,1.38876,37351009
2021-05_Abrolhos_stereo-BRUVs,npz9.1,Lutjanidae,Pristipomoides,multidens,439.62269,1,1874.74692,0.58933,4.74669,37346002
2021-05_Abrolhos_stereo-BRUVs,npz9.1,Lutjanidae,Pristipomoides,multidens,493.42967,1,2030.29266,5.5725,3.88676,37346002
2021-05_Abrolhos_stereo-BRUVs,npz9.1,Lutjanidae,Pristipomoides,multidens,470.17065,1,1802.34112,4.08922,6.1364,37346002
2021-05_Abrolhos_stereo-BRUVs,npz9.1,Lutjanidae,Pristipomoides,typus,447.982,1,2018.50689,3.63329,4.86591,37346019
2021-05_Abrolhos_stereo-BRUVs,npz9.1,Serranidae,Epinephelus,areolatus,401.69513,1,2145.87458,3.49167,6.81788,37311009
2021-05_Abrolhos_stereo-BRUVs,npz9.1,Sparidae,Chrysophrys,auratus,341.8734,1,1373.49517,0.39118,1.81503,37353001
2021-05_Abrolhos_stereo-BRUVs,npz9.10,Carangidae,Decapterus,spp,306.80249,1,3564.43245,3.53428,24.37501,
2021-05_Abrolhos_stereo-BRUVs,npz9.10,Carangidae,Decapterus,spp,284.75635,1,3506.45973,4.69382,19.23886,
2021-05_Abrolhos_stereo-BRUVs,npz9.10,Carangidae,Decapterus,spp,300.22029,1,3104.93042,4.44615,11.95215,
2021-05_Abrolhos_stereo-BRUVs,npz9.10,Carangidae,Pseudocaranx,spp,424.08063,1,2095.30399,2.40566,2.73761,
2021-05_Abrolhos_stereo-BRUVs,npz9.10,Carangidae,Pseudocaranx,spp,380.84272,1,1800.08111,3.73857,2.97872,
2021-05_Abrolhos_stereo-BRUVs,npz9.10,Carangidae,Seriola,dumerili,423.7633,1,1705.68873,0.3948,2.60097,37337025
2021-05_Abrolhos_stereo-BRUVs,npz9.10,Carangidae,Seriola,dumerili,423.03318,1,1762.09268,4.26463,2.61048,37337025
2021-05_Abrolhos_stereo-BRUVs,npz9.10,Carangidae,Seriola,dumerili,390.10048,1,1594.76759,4.40775,2.6846,37337025
2021-05_Abrolhos_stereo-BRUVs,npz9.10,Carangidae,Seriola,dumerili,388.6405,1,1629.66028,2.75771,2.81231,37337025
2021-05_Abrolhos_stereo-BRUVs,npz9.10,Carangidae,Seriola,dumerili,446.11875,1,1891.3607,3.45536,3.37605,37337025
2021-05_Abrolhos_stereo-BRUVs,npz9.10,Haemulidae,Diagramma,pictum labiosum,554.23513,1,2617.12333,1.84349,9.82121,37350003
2021-05_Abrolhos_stereo-BRUVs,npz9.10,Lethrinidae,Lethrinus,miniatus,411.68396,1,1124.16454,2.56216,1.23107,37351009
2021-05_Abrolhos_stereo-BRUVs,npz9.10,Lethrinidae,Lethrinus,miniatus,486.8842,1,1518.46949,3.09297,2.07477,37351009
2021-05_Abrolhos_stereo-BRUVs,npz9.10,Lethrinidae,Lethrinus,miniatus,420.15251,1,1695.59065,5.64131,2.62981,37351009
2021-05_Abrolhos_stereo-BRUVs,npz9.10,Lethrinidae,Lethrinus,miniatus,553.77069,1,1136.97058,2.90345,1.45845,37351009
2021-05_Abrolhos_stereo-BRUVs,npz9.10,Lethrinidae,Lethrinus,miniatus,489.81618,1,1468.21189,1.44589,3.06766,37351009
2021-05_Abrolhos_stereo-BRUVs,npz9.10,Lethrinidae,Lethrinus,miniatus,505.57011,1,1109.24872,5.72446,1.24008,37351009
2021-05_Abrolhos_stereo-BRUVs,npz9.10,Lethrinidae,Lethrinus,miniatus,443.30218,1,1614.08982,5.9875,2.18802,37351009
2021-05_Abrolhos_stereo-BRUVs,npz9.10,Lethrinidae,Lethrinus,miniatus,453.06039,1,1979.25079,1.61095,3.20864,37351009
2021-05_Abrolhos_stereo-BRUVs,npz9.10,Lethrinidae,Lethrinus,nebulosus,491.55582,1,2388.90288,0.88135,5.94702,37351008
2021-05_Abrolhos_stereo-BRUVs,npz9.10,Sparidae,Chrysophrys,auratus,464.51772,1,1194.77264,2.00077,1.47636,37353001
2021-05_Abrolhos_stereo-BRUVs,npz9.11,Carangidae,Seriola,hippos,520.37066,1,2079.78871,4.2766,5.65577,37337007
2021-05_Abrolhos_stereo-BRUVs,npz9.11,Labridae,Coris,auricularis,211.89032,1,1390.59457,2.63807,1.96139,37384088
2021-05_Abrolhos_stereo-BRUVs,npz9.11,Labridae,Stethojulis,spp,137.49682,1,1373.45953,1.32148,1.42532,
2021-05_Abrolhos_stereo-BRUVs,npz9.11,Lethrinidae,Lethrinus,miniatus,406.98762,1,1267.55312,1.71804,1.12783,37351009
2021-05_Abrolhos_stereo-BRUVs,npz9.11,Lethrinidae,Lethrinus,miniatus,463.56403,1,1552.10687,5.58864,3.20169,37351009
2021-05_Abrolhos_stereo-BRUVs,npz9.11,Lethrinidae,Lethrinus,miniatus,494.32839,1,1264.07769,2.91119,1.30748,37351009
2021-05_Abrolhos_stereo-BRUVs,npz9.11,Lethrinidae,Lethrinus,miniatus,470.76453,1,1319.07641,2.14472,1.50852,37351009
2021-05_Abrolhos_stereo-BRUVs,npz9.11,Lethrinidae,Lethrinus,miniatus,465.70292,1,1328.71512,1.50652,1.56041,37351009
2021-05_Abrolhos_stereo-BRUVs,npz9.11,Lethrinidae,Lethrinus,miniatus,486.34703,1,1178.22858,3.8306,1.11117,37351009
2021-05_Abrolhos_stereo-BRUVs,npz9.11,Lethrinidae,Lethrinus,miniatus,515.54216,1,2716.35349,2.60276,3.43278,37351009
2021-05_Abrolhos_stereo-BRUVs,npz9.13,Carcharhinidae,Carcharhinus,plumbeus,1103.82903,1,5410.34584,14.05205,26.61996,37018007
2021-05_Abrolhos_stereo-BRUVs,npz9.13,Serranidae,Epinephelus,areolatus,394.36111,1,1274.23602,6.79586,2.25079,37311009
2021-05_Abrolhos_stereo-BRUVs,npz9.14,Carangidae,Seriola,hippos,657.82005,1,4614.18471,13.1395,10.99944,37337007
2021-05_Abrolhos_stereo-BRUVs,npz9.14,Lethrinidae,Gymnocranius,grandoculis,523.41854,1,1971.56969,4.81034,2.85624,37351005
2021-05_Abrolhos_stereo-BRUVs,npz9.14,Lethrinidae,Gymnocranius,grandoculis,557.06492,1,2240.72992,2.19197,5.50336,37351005
2021-05_Abrolhos_stereo-BRUVs,npz9.14,Lethrinidae,Gymnocranius,grandoculis,496.45874,1,3877.78829,4.91366,17.07136,37351005
2021-05_Abrolhos_stereo-BRUVs,npz9.14,Lethrinidae,Lethrinus,miniatus,556.42298,1,1765.34216,4.00142,2.41685,37351009
2021-05_Abrolhos_stereo-BRUVs,npz9.14,Sparidae,Chrysophrys,auratus,382.13476,1,952.42042,1.46061,0.97919,37353001
2021-05_Abrolhos_stereo-BRUVs,npz9.16,Labridae,Bodianus,solatus,344.41201,1,3053.26774,13.51034,11.92773,37384201
2021-05_Abrolhos_stereo-BRUVs,npz9.16,Lethrinidae,Lethrinus,miniatus,461.97761,1,1820.32232,6.57992,3.49831,37351009
2021-05_Abrolhos_stereo-BRUVs,npz9.16,Lutjanidae,Pristipomoides,spp,419.24654,1,4059.26329,19.66165,11.96849,
2021-05_Abrolhos_stereo-BRUVs,npz9.16,Sparidae,Chrysophrys,auratus,401.63638,1,1858.34716,7.67281,3.86794,37353001
2021-05_Abrolhos_stereo-BRUVs,npz9.17,Carangidae,Seriola,hippos,765.62454,1,3563.28012,2.26127,7.0294,37337007
2021-05_Abrolhos_stereo-BRUVs,npz9.17,Carangidae,Seriola,hippos,851.07802,1,6758.12848,12.30177,48.8896,37337007
2021-05_Abrolhos_stereo-BRUVs,npz9.17,Labridae,Bodianus,vulpinus,336.39593,1,4041.81265,2.857,12.96878,37384001
2021-05_Abrolhos_stereo-BRUVs,npz9.17,Lethrinidae,Lethrinus,miniatus,461.41773,1,1825.1342,5.8701,2.57213,37351009
2021-05_Abrolhos_stereo-BRUVs,npz9.17,Lethrinidae,Lethrinus,miniatus,512.21117,1,1325.26432,2.71904,1.5469,37351009
2021-05_Abrolhos_stereo-BRUVs,npz9.17,Lethrinidae,Lethrinus,miniatus,428.32901,1,1446.18313,1.82835,1.67621,37351009
2021-05_Abrolhos_stereo-BRUVs,npz9.17,Lethrinidae,Lethrinus,miniatus,455.09622,1,1299.87567,3.45117,1.65363,37351009
2021-05_Abrolhos_stereo-BRUVs,npz9.17,Lutjanidae,Pristipomoides,multidens,557.10961,1,1280.03869,1.18683,3.4221,37346002
2021-05_Abrolhos_stereo-BRUVs,npz9.17,Lutjanidae,Pristipomoides,multidens,507.89163,1,1838.35896,2.59742,2.63566,37346002
2021-05_Abrolhos_stereo-BRUVs,npz9.17,Lutjanidae,Pristipomoides,multidens,451.00248,1,1463.94182,2.72997,1.65475,37346002
2021-05_Abrolhos_stereo-BRUVs,npz9.17,Lutjanidae,Pristipomoides,multidens,451.28915,1,1907.10388,2.34551,2.76554,37346002
2021-05_Abrolhos_stereo-BRUVs,npz9.17,Pinguipedidae,Parapercis,nebulosa,71.22675,1,2094.2234,1.41439,4.58347,37390005
2021-05_Abrolhos_stereo-BRUVs,npz9.17,Serranidae,Epinephelus,areolatus,442.50742,1,1360.83889,2.28663,1.48973,37311009
2021-05_Abrolhos_stereo-BRUVs,npz9.17,Serranidae,Epinephelus,areolatus,396.66921,1,1650.92655,3.90451,3.73823,37311009
2021-05_Abrolhos_stereo-BRUVs,npz9.17,Serranidae,Epinephelus,areolatus,387.95213,1,1239.95182,0.61794,2.13499,37311009
2021-05_Abrolhos_stereo-BRUVs,npz9.17,Serranidae,Epinephelus,morrhua,460.40602,1,1735.93618,6.51724,2.20731,37311151
2021-05_Abrolhos_stereo-BRUVs,npz9.17,Sparidae,Chrysophrys,auratus,561.36218,1,2058.39315,2.04634,3.68124,37353001
2021-05_Abrolhos_stereo-BRUVs,npz9.18,Lutjanidae,Pristipomoides,multidens,385.9404,1,1870.90227,3.52506,4.3086,37346002
2021-05_Abrolhos_stereo-BRUVs,npz9.18,Lutjanidae,Pristipomoides,multidens,409.18672,1,3059.19594,5.43053,2.98356,37346002
2021-05_Abrolhos_stereo-BRUVs,npz9.18,Monacanthidae,Nelusetta,ayraud,389.88779,1,2162.49222,3.48829,3.1133,37465006
2021-05_Abrolhos_stereo-BRUVs,npz9.18,Monacanthidae,Nelusetta,ayraud,504.76898,1,1514.12377,4.42376,3.44364,37465006
2021-05_Abrolhos_stereo-BRUVs,npz9.18,Sparidae,Chrysophrys,auratus,388.39563,1,1363.42867,2.96247,1.87356,37353001
2021-05_Abrolhos_stereo-BRUVs,npz9.18,Sparidae,Chrysophrys,auratus,396.0751,1,1310.39067,4.75276,1.60962,37353001
2021-05_Abrolhos_stereo-BRUVs,npz9.18,Sparidae,Chrysophrys,auratus,320.83566,1,1394.03871,3.18899,1.69322,37353001
2021-05_Abrolhos_stereo-BRUVs,npz9.18,Tetraodontidae,Lagocephalus,sceleratus,458.67829,1,2229.06928,5.09713,7.28218,37467007
2021-05_Abrolhos_stereo-BRUVs,npz9.18,Triakidae,Mustelus,spp,684.82793,1,3933.1388,7.09156,12.32011,
2021-05_Abrolhos_stereo-BRUVs,npz9.2,Lethrinidae,Gymnocranius,grandoculis,598.5451,1,2713.18303,6.24282,8.94691,37351005
2021-05_Abrolhos_stereo-BRUVs,npz9.2,Sparidae,Chrysophrys,auratus,512.69107,1,1463.78608,2.03956,2.15507,37353001
2021-05_Abrolhos_stereo-BRUVs,npz9.2,Tetraodontidae,Lagocephalus,sceleratus,414.05275,1,2349.56863,3.99257,10.65729,37467007
2021-05_Abrolhos_stereo-BRUVs,npz9.21,Carangidae,Seriola,dumerili,622.29766,1,2691.94807,4.44242,14.81409,37337025
2021-05_Abrolhos_stereo-BRUVs,npz9.21,Carangidae,Seriola,dumerili,643.08016,1,3148.40191,2.82272,21.7587,37337025
2021-05_Abrolhos_stereo-BRUVs,npz9.21,Lethrinidae,Lethrinus,miniatus,471.70516,1,1247.73957,3.64057,2.34152,37351009
2021-05_Abrolhos_stereo-BRUVs,npz9.21,Lutjanidae,Pristipomoides,multidens,537.53414,1,838.537,1.52845,0.91938,37346002
2021-05_Abrolhos_stereo-BRUVs,npz9.21,Lutjanidae,Pristipomoides,multidens,564.41833,1,1081.23399,3.48696,1.85203,37346002
2021-05_Abrolhos_stereo-BRUVs,npz9.21,Lutjanidae,Pristipomoides,multidens,501.94357,1,4068.44901,17.35529,8.28146,37346002
2021-05_Abrolhos_stereo-BRUVs,npz9.21,Lutjanidae,Pristipomoides,multidens,566.38168,1,1308.31516,7.46614,1.43571,37346002
2021-05_Abrolhos_stereo-BRUVs,npz9.21,Lutjanidae,Pristipomoides,multidens,502.63841,1,1309.12554,8.60632,1.45806,37346002
2021-05_Abrolhos_stereo-BRUVs,npz9.21,Sparidae,Chrysophrys,auratus,360.94625,1,1258.70203,2.14226,1.03629,37353001
2021-05_Abrolhos_stereo-BRUVs,npz9.22,Labridae,Unknown,spp,129.05533,1,2423.8404,7.14168,3.39294,
2021-05_Abrolhos_stereo-BRUVs,npz9.22,Lethrinidae,Lethrinus,miniatus,568.63479,1,1445.86645,5.7544,2.58007,37351009
2021-05_Abrolhos_stereo-BRUVs,npz9.22,Lutjanidae,Pristipomoides,multidens,563.64699,1,2362.16854,7.42384,4.72007,37346002
2021-05_Abrolhos_stereo-BRUVs,npz9.24,Lethrinidae,Gymnocranius,grandoculis,590.91935,1,3661.34016,13.66778,24.69721,37351005
2021-05_Abrolhos_stereo-BRUVs,npz9.24,Triakidae,Hemitriakis,falcata,772.52825,1,4031.25012,12.01978,16.40398,37017009
2021-05_Abrolhos_stereo-BRUVs,npz9.24,Triakidae,Mustelus,spp,667.64575,1,2312.21195,7.47106,6.90826,
2021-05_Abrolhos_stereo-BRUVs,npz9.25,Lutjanidae,Pristipomoides,multidens,538.58457,1,1870.19854,11.8008,6.94009,37346002
2021-05_Abrolhos_stereo-BRUVs,npz9.25,Lutjanidae,Pristipomoides,multidens,560.72728,1,1752.72854,10.62344,1.75519,37346002
2021-05_Abrolhos_stereo-BRUVs,npz9.25,Lutjanidae,Pristipomoides,multidens,708.63405,1,2458.69802,19.0294,3.9723,37346002
2021-05_Abrolhos_stereo-BRUVs,npz9.25,Lutjanidae,Pristipomoides,multidens,589.49042,1,2505.62641,19.2764,4.64933,37346002
2021-05_Abrolhos_stereo-BRUVs,npz9.25,Sparidae,Chrysophrys,auratus,347.14732,1,1310.1121,12.10421,1.35604,37353001
2021-05_Abrolhos_stereo-BRUVs,npz9.25,Sparidae,Chrysophrys,auratus,468.37636,1,1733.6033,14.83806,1.92217,37353001
2021-05_Abrolhos_stereo-BRUVs,npz9.25,Sparidae,Chrysophrys,auratus,370.78897,1,1313.93294,9.12496,1.7798,37353001
2021-05_Abrolhos_stereo-BRUVs,npz9.25,Sparidae,Chrysophrys,auratus,429.99554,1,1512.68439,13.55059,2.24377,37353001
2021-05_Abrolhos_stereo-BRUVs,npz9.25,Sparidae,Chrysophrys,auratus,413.6928,1,1593.41899,13.49816,1.89802,37353001
2021-05_Abrolhos_stereo-BRUVs,npz9.25,Tetraodontidae,Lagocephalus,sceleratus,644.11226,1,3733.39591,11.67704,22.62459,37467007
2021-05_Abrolhos_stereo-BRUVs,npz9.25,Triakidae,Hemitriakis,falcata,778.53352,1,2775.59181,19.97418,6.16123,37017009
2021-05_Abrolhos_stereo-BRUVs,npz9.26,Carangidae,Decapterus,spp,305.84303,1,2541.96788,6.60818,5.09975,
2021-05_Abrolhos_stereo-BRUVs,npz9.26,Haemulidae,Diagramma,pictum labiosum,498.73663,1,902.26881,1.32643,1.05987,37350003
2021-05_Abrolhos_stereo-BRUVs,npz9.26,Haemulidae,Diagramma,pictum labiosum,523.92904,1,1879.75958,8.32577,3.8556,37350003
2021-05_Abrolhos_stereo-BRUVs,npz9.26,Lethrinidae,Lethrinus,miniatus,511.28439,1,1212.46985,3.27009,1.50694,37351009
2021-05_Abrolhos_stereo-BRUVs,npz9.26,Lethrinidae,Lethrinus,miniatus,503.55102,1,1547.41193,3.44573,3.12485,37351009
2021-05_Abrolhos_stereo-BRUVs,npz9.26,Lethrinidae,Lethrinus,miniatus,516.07465,1,1228.94529,3.3389,1.4492,37351009
2021-05_Abrolhos_stereo-BRUVs,npz9.26,Lethrinidae,Lethrinus,miniatus,514.32389,1,1315.88649,0.52938,1.43973,37351009
2021-05_Abrolhos_stereo-BRUVs,npz9.26,Lethrinidae,Lethrinus,miniatus,412.26127,1,1509.33792,3.41141,2.15607,37351009
2021-05_Abrolhos_stereo-BRUVs,npz9.26,Lethrinidae,Lethrinus,miniatus,434.10607,1,1295.35764,2.39954,2.04778,37351009
2021-05_Abrolhos_stereo-BRUVs,npz9.26,Lethrinidae,Lethrinus,miniatus,466.52542,1,1314.08051,5.22416,1.94384,37351009
2021-05_Abrolhos_stereo-BRUVs,npz9.26,Lethrinidae,Lethrinus,miniatus,437.18763,1,1396.17105,8.43264,1.66232,37351009
2021-05_Abrolhos_stereo-BRUVs,npz9.26,Pinguipedidae,Parapercis,nebulosa,43.93856,1,1166.82531,3.58875,2.28813,37390005
2021-05_Abrolhos_stereo-BRUVs,npz9.26,Sparidae,Chrysophrys,auratus,568.52267,1,2612.18431,4.32736,7.13331,37353001
2021-05_Abrolhos_stereo-BRUVs,npz9.26,Sparidae,Chrysophrys,auratus,503.89283,1,1180.80123,4.43875,1.7298,37353001
2021-05_Abrolhos_stereo-BRUVs,npz9.26,Sparidae,Chrysophrys,auratus,396.97838,1,1742.61625,4.69276,1.6874,37353001
2021-05_Abrolhos_stereo-BRUVs,npz9.27,Lethrinidae,Lethrinus,miniatus,621.06527,1,1618.47542,4.09775,3.04656,37351009
2021-05_Abrolhos_stereo-BRUVs,npz9.27,Lethrinidae,Lethrinus,miniatus,477.2997,1,1685.72727,6.83301,2.31124,37351009
2021-05_Abrolhos_stereo-BRUVs,npz9.27,Lutjanidae,Pristipomoides,multidens,621.73515,1,2712.28021,9.56242,7.0499,37346002
2021-05_Abrolhos_stereo-BRUVs,npz9.27,Lutjanidae,Pristipomoides,multidens,582.74396,1,2633.74119,7.18259,4.03286,37346002
2021-05_Abrolhos_stereo-BRUVs,npz9.27,Lutjanidae,Pristipomoides,multidens,599.21395,1,2697.25758,10.09433,8.79819,37346002
2021-05_Abrolhos_stereo-BRUVs,npz9.27,Lutjanidae,Pristipomoides,multidens,570.37391,1,981.65236,3.87583,1.20455,37346002
2021-05_Abrolhos_stereo-BRUVs,npz9.27,Lutjanidae,Pristipomoides,multidens,650.11144,1,3028.50953,10.45072,9.60368,37346002
2021-05_Abrolhos_stereo-BRUVs,npz9.27,Lutjanidae,Pristipomoides,typus,512.22271,1,1934.93942,6.48726,3.81156,37346019
2021-05_Abrolhos_stereo-BRUVs,npz9.27,Lutjanidae,Pristipomoides,typus,620.45063,1,2252.99623,5.87919,2.7603,37346019
2021-05_Abrolhos_stereo-BRUVs,npz9.27,Lutjanidae,Pristipomoides,typus,469.23189,1,1166.59683,5.10489,1.75975,37346019
2021-05_Abrolhos_stereo-BRUVs,npz9.27,Serranidae,Epinephelus,areolatus,461.27435,1,1493.61585,4.37345,2.37145,37311009
2021-05_Abrolhos_stereo-BRUVs,npz9.27,Serranidae,Epinephelus,areolatus,370.13495,1,1670.67139,11.81046,2.92905,37311009
2021-05_Abrolhos_stereo-BRUVs,npz9.27,Sparidae,Chrysophrys,auratus,354.46682,1,2247.40125,7.75733,4.99015,37353001
2021-05_Abrolhos_stereo-BRUVs,npz9.27,Sparidae,Chrysophrys,auratus,306.74678,1,2244.24845,6.9951,6.9375,37353001
2021-05_Abrolhos_stereo-BRUVs,npz9.27,Sparidae,Chrysophrys,auratus,335.16526,1,2629.63136,8.82138,3.54396,37353001
2021-05_Abrolhos_stereo-BRUVs,npz9.27,Sparidae,Chrysophrys,auratus,324.00393,1,1730.97575,5.5208,4.49359,37353001
2021-05_Abrolhos_stereo-BRUVs,npz9.27,Sparidae,Chrysophrys,auratus,298.69406,1,1024.95576,3.4556,1.07685,37353001
2021-05_Abrolhos_stereo-BRUVs,npz9.27,Sparidae,Chrysophrys,auratus,311.35782,1,1980.87291,6.71095,4.64578,37353001
2021-05_Abrolhos_stereo-BRUVs,npz9.27,Sparidae,Chrysophrys,auratus,299.85444,1,1876.04143,5.73726,2.97845,37353001
2021-05_Abrolhos_stereo-BRUVs,npz9.27,Sparidae,Chrysophrys,auratus,349.93089,1,1709.49165,5.69024,1.97086,37353001
2021-05_Abrolhos_stereo-BRUVs,npz9.27,Sparidae,Chrysophrys,auratus,323.15263,1,1782.96115,6.02214,4.88805,37353001
2021-05_Abrolhos_stereo-BRUVs,npz9.28,Lutjanidae,Pristipomoides,multidens,491.81277,1,1236.72091,9.26783,3.53914,37346002
2021-05_Abrolhos_stereo-BRUVs,npz9.28,Sparidae,Chrysophrys,auratus,347.86375,1,1671.90948,10.24264,1.49823,37353001
2021-05_Abrolhos_stereo-BRUVs,npz9.28,Sparidae,Chrysophrys,auratus,385.68664,1,1345.66427,7.83041,1.6261,37353001
2021-05_Abrolhos_stereo-BRUVs,npz9.28,Unknown,Unknown,spp,70.06337,1,1278.16969,7.56853,2.97764,0
2021-05_Abrolhos_stereo-BRUVs,npz9.29,Carangidae,Decapterus,spp,324.50194,1,2312.73468,2.04231,4.40586,
2021-05_Abrolhos_stereo-BRUVs,npz9.29,Carangidae,Pseudocaranx,spp,372.50788,1,2626.85969,4.49349,14.79941,
2021-05_Abrolhos_stereo-BRUVs,npz9.29,Lethrinidae,Lethrinus,nebulosus,503.57019,1,1604.72394,2.37327,2.68547,37351008
2021-05_Abrolhos_stereo-BRUVs,npz9.29,Sparidae,Chrysophrys,auratus,339.88819,1,1124.1684,1.51151,1.30089,37353001
2021-05_Abrolhos_stereo-BRUVs,npz9.29,Sparidae,Chrysophrys,auratus,406.16092,1,1268.33247,6.53546,1.3429,37353001
2021-05_Abrolhos_stereo-BRUVs,npz9.29,Sparidae,Chrysophrys,auratus,418.73131,1,1276.57399,8.94496,2.03255,37353001
2021-05_Abrolhos_stereo-BRUVs,npz9.29,Sparidae,Chrysophrys,auratus,365.24274,1,1149.42977,3.52268,1.88802,37353001
2021-05_Abrolhos_stereo-BRUVs,npz9.29,Sparidae,Chrysophrys,auratus,374.55346,1,1183.07974,6.38917,2.51112,37353001
2021-05_Abrolhos_stereo-BRUVs,npz9.29,Sparidae,Chrysophrys,auratus,383.8436,1,1361.25123,11.33498,2.57333,37353001
2021-05_Abrolhos_stereo-BRUVs,npz9.29,Sparidae,Chrysophrys,auratus,363.52244,1,1010.29093,4.42477,1.07787,37353001
2021-05_Abrolhos_stereo-BRUVs,npz9.29,Sparidae,Chrysophrys,auratus,385.48791,1,1686.8161,3.7498,4.75875,37353001
2021-05_Abrolhos_stereo-BRUVs,npz9.29,Sparidae,Chrysophrys,auratus,435.0544,1,1478.66233,4.58775,2.1026,37353001
2021-05_Abrolhos_stereo-BRUVs,npz9.29,Sparidae,Chrysophrys,auratus,355.42248,1,1026.49508,4.91619,0.87839,37353001
2021-05_Abrolhos_stereo-BRUVs,npz9.29,Sparidae,Chrysophrys,auratus,437.74786,1,1058.49127,1.17286,1.3121,37353001
2021-05_Abrolhos_stereo-BRUVs,npz9.29,Sparidae,Chrysophrys,auratus,413.45342,1,1040.77487,1.96101,0.99909,37353001
2021-05_Abrolhos_stereo-BRUVs,npz9.29,Sparidae,Chrysophrys,auratus,328.73837,1,1383.86628,2.70176,3.1674,37353001
2021-05_Abrolhos_stereo-BRUVs,npz9.29,Sparidae,Chrysophrys,auratus,386.794,1,1557.76088,2.62226,2.4722,37353001
2021-05_Abrolhos_stereo-BRUVs,npz9.3,Lethrinidae,Gymnocranius,grandoculis,546.60912,1,1175.42898,1.41315,1.92029,37351005
2021-05_Abrolhos_stereo-BRUVs,npz9.3,Lethrinidae,Lethrinus,miniatus,483.4045,1,1242.92286,6.27356,2.49234,37351009
2021-05_Abrolhos_stereo-BRUVs,npz9.30,Carangidae,Seriola,dumerili,616.97095,1,2767.41562,9.04106,5.07675,37337025
2021-05_Abrolhos_stereo-BRUVs,npz9.30,Glaucosomatidae,Glaucosoma,buergeri,542.29161,1,2613.28855,3.08561,3.77674,37320001
2021-05_Abrolhos_stereo-BRUVs,npz9.30,Glaucosomatidae,Glaucosoma,buergeri,390.84733,1,2178.80174,4.75202,6.52636,37320001
2021-05_Abrolhos_stereo-BRUVs,npz9.30,Lethrinidae,Lethrinus,miniatus,414.75516,1,1192.5414,1.56297,2.8289,37351009
2021-05_Abrolhos_stereo-BRUVs,npz9.30,Lethrinidae,Lethrinus,miniatus,466.12347,1,1283.83685,2.32083,1.76713,37351009
2021-05_Abrolhos_stereo-BRUVs,npz9.30,Lethrinidae,Lethrinus,miniatus,511.62503,1,1148.84533,2.68314,1.28887,37351009
2021-05_Abrolhos_stereo-BRUVs,npz9.30,Lethrinidae,Lethrinus,nebulosus,489.60811,1,1424.39731,3.61092,1.97494,37351008
2021-05_Abrolhos_stereo-BRUVs,npz9.5,Lethrinidae,Lethrinus,miniatus,532.87791,1,1318.87555,5.12487,1.77359,37351009
2021-05_Abrolhos_stereo-BRUVs,npz9.5,Lethrinidae,Lethrinus,miniatus,437.44635,1,729.33297,5.86624,0.69812,37351009
2021-05_Abrolhos_stereo-BRUVs,npz9.5,Lethrinidae,Lethrinus,nebulosus,508.67056,1,906.53626,8.74821,0.81308,37351008
2021-05_Abrolhos_stereo-BRUVs,npz9.5,Scaridae,Scarus,sp3,378.60908,1,2048.95444,8.2891,3.37757,
2021-05_Abrolhos_stereo-BRUVs,npz9.5,Sparidae,Chrysophrys,auratus,357.48491,1,790.35139,5.14418,0.82735,37353001
2021-05_Abrolhos_stereo-BRUVs,npz9.7,Carcharhinidae,Carcharhinus,albimarginatus,471.76399,1,936.90086,4.51849,0.96647,37018027
2021-05_Abrolhos_stereo-BRUVs,npz9.7,Sparidae,Chrysophrys,auratus,366.03562,1,1311.10836,7.66886,1.16477,
2021-05_Abrolhos_stereo-BRUVs,npz9.7,Sparidae,Chrysophrys,auratus,360.45343,1,1234.27426,6.20772,1.0538,
2021-05_Abrolhos_stereo-BRUVs,npz9.7,Sparidae,Chrysophrys,auratus,366.71968,1,996.88945,4.1118,0.90792,
2021-05_Abrolhos_stereo-BRUVs,npz9.7,Sparidae,Chrysophrys,auratus,376.72939,1,910.22398,3.80936,0.98841,
2021-05_Abrolhos_stereo-BRUVs,npz9.7,Sparidae,Chrysophrys,auratus,375.82891,1,1711.76332,16.22815,1.97692,
2021-05_Abrolhos_stereo-BRUVs,npz9.7,Sparidae,Chrysophrys,auratus,414.20413,1,1368.6221,12.73447,1.27136,
2021-05_Abrolhos_stereo-BRUVs,npz9.7,Sparidae,Chrysophrys,auratus,400.84141,1,1220.06564,4.95586,2.03989,
2021-05_Abrolhos_stereo-BRUVs,npz9.7,Sparidae,Chrysophrys,auratus,404.91857,1,1626.94927,15.10135,3.42217,
2021-05_Abrolhos_stereo-BRUVs,npz9.7,Tetraodontidae,Lagocephalus,sceleratus,631.9461,1,3633.40584,15.35243,4.73061,37467007
2021-05_Abrolhos_stereo-BRUVs,npz9.7,Tetraodontidae,Unknown,sp1,219.52253,1,3058.17297,17.78348,11.36903,
2021-05_Abrolhos_stereo-BRUVs,npz9.8,Carangidae,Pseudocaranx,spp,315.774,1,3619.81735,6.58511,4.10036,
2021-05_Abrolhos_stereo-BRUVs,npz9.8,Carangidae,Pseudocaranx,spp,409.87061,1,2044.02249,5.32679,10.28243,
2021-05_Abrolhos_stereo-BRUVs,npz9.8,Carangidae,Pseudocaranx,spp,368.04779,1,2753.006,2.79838,4.84646,
2021-05_Abrolhos_stereo-BRUVs,npz9.8,Carangidae,Pseudocaranx,spp,340.26176,1,1430.07665,1.63402,3.02708,
2021-05_Abrolhos_stereo-BRUVs,npz9.8,Carangidae,Pseudocaranx,spp,298.05426,1,2761.75437,1.16762,4.86691,
2021-05_Abrolhos_stereo-BRUVs,npz9.8,Carangidae,Pseudocaranx,spp,356.62543,1,2705.96982,1.66727,11.32385,
2021-05_Abrolhos_stereo-BRUVs,npz9.8,Carangidae,Pseudocaranx,spp,363.13548,1,2798.94385,2.26309,11.88276,
2021-05_Abrolhos_stereo-BRUVs,npz9.8,Carangidae,Pseudocaranx,spp,447.7102,1,4482.68096,3.02462,38.6909,
2021-05_Abrolhos_stereo-BRUVs,npz9.8,Carangidae,Pseudocaranx,spp,309.30874,1,2931.08305,4.03125,7.84506,
2021-05_Abrolhos_stereo-BRUVs,npz9.8,Carangidae,Seriola,dumerili,702.08414,1,4292.37355,4.04592,26.60044,37337025
2021-05_Abrolhos_stereo-BRUVs,npz9.8,Carangidae,Seriola,dumerili,666.0459,1,4003.44775,4.93619,25.83075,37337025
2021-05_Abrolhos_stereo-BRUVs,npz9.8,Carangidae,Seriola,dumerili,644.73526,1,4443.54456,5.01149,17.01875,37337025
2021-05_Abrolhos_stereo-BRUVs,npz9.8,Carangidae,Seriola,dumerili,838.52536,1,5032.04393,8.39027,56.69387,37337025
2021-05_Abrolhos_stereo-BRUVs,npz9.8,Carcharhinidae,Carcharhinus,plumbeus,1278.84131,1,6349.11882,5.08871,69.75613,37018007
2021-05_Abrolhos_stereo-BRUVs,npz9.8,Labridae,Bodianus,solatus,329.27494,1,3303.17027,5.41872,10.27822,37384201
2021-05_Abrolhos_stereo-BRUVs,npz9.8,Lethrinidae,Gymnocranius,grandoculis,557.94387,1,4449.71272,7.46407,13.88307,37351005
2021-05_Abrolhos_stereo-BRUVs,npz9.8,Lethrinidae,Lethrinus,miniatus,478.61005,1,2135.06502,0.92799,6.15904,37351009
2021-05_Abrolhos_stereo-BRUVs,npz9.8,Lethrinidae,Lethrinus,miniatus,576.20708,1,1461.79853,3.81001,2.37358,37351009
2021-05_Abrolhos_stereo-BRUVs,npz9.8,Sparidae,Chrysophrys,auratus,305.20173,1,2213.69573,4.00059,4.70911,37353001
2021-05_Abrolhos_stereo-BRUVs,npz9.8,Sparidae,Chrysophrys,auratus,303.94282,1,1382.48732,2.22186,3.29937,37353001
2021-05_Abrolhos_stereo-BRUVs,npz9.8,Sparidae,Chrysophrys,auratus,295.52339,1,1544.97523,3.15735,1.62864,37353001
2021-05_Abrolhos_stereo-BRUVs,npz9.8,Sparidae,Chrysophrys,auratus,316.91063,1,895.04534,1.09634,0.86011,37353001
2021-05_Abrolhos_stereo-BRUVs,npz9.8,Sparidae,Chrysophrys,auratus,575.63477,1,1434.01992,1.22449,1.97417,37353001
2021-05_Abrolhos_stereo-BRUVs,npz9.9,Carangidae,Seriola,dumerili,1237.72368,1,2358.86718,7.21784,5.10496,37337025
2021-05_Abrolhos_stereo-BRUVs,npz9.9,Carangidae,Seriola,hippos,565.73293,1,2974.73177,5.92674,3.90079,37337007
2021-05_Abrolhos_stereo-BRUVs,npz9.9,Lethrinidae,Lethrinus,miniatus,479.61251,1,1413.45833,3.7694,2.05803,37351009
2021-05_Abrolhos_stereo-BRUVs,npz9.9,Rachycentridae,Rachycentron,canadum,964.57127,1,6879.42058,11.31442,48.63199,37335001
